{
    "name": "root",
    "metadata": {
        "timer_format_version": "0.1.0",
        "start_time_seconds": "1736701582",
        "python_version": "3.8.19 (default, Mar 20 2024, 19:55:45) [MSC v.1916 64 bit (AMD64)]",
        "command_line_arguments": "C:\\anaconda3\\envs\\mlagents\\Scripts\\mlagents-learn config/poca/SoccerTwos.yaml --run-id=stepTest7 --train",
        "mlagents_version": "0.28.0",
        "mlagents_envs_version": "0.28.0",
        "communication_protocol_version": "1.5.0",
        "pytorch_version": "1.10.0+cpu",
        "numpy_version": "1.19.5",
        "end_time_seconds": "1736701708"
    },
    "total": 125.89959180000001,
    "count": 1,
    "self": 0.039745200000027125,
    "children": {
        "run_training.setup": {
            "total": 0.2087399000000003,
            "count": 1,
            "self": 0.2087399000000003
        },
        "TrainerController.start_learning": {
            "total": 125.65110669999999,
            "count": 1,
            "self": 0.3690357999998781,
            "children": {
                "TrainerController._reset_env": {
                    "total": 15.7970445,
                    "count": 1,
                    "self": 15.7970445
                },
                "TrainerController.advance": {
                    "total": 108.2448735000001,
                    "count": 1844,
                    "self": 0.12316320000037706,
                    "children": {
                        "env_step": {
                            "total": 102.36191140000003,
                            "count": 1844,
                            "self": 78.49036609999987,
                            "children": {
                                "SubprocessEnvManager._take_step": {
                                    "total": 23.804241700000166,
                                    "count": 1844,
                                    "self": 0.6561785000000135,
                                    "children": {
                                        "TorchPolicy.evaluate": {
                                            "total": 23.148063200000152,
                                            "count": 3688,
                                            "self": 2.811428100000416,
                                            "children": {
                                                "TorchPolicy.sample_actions": {
                                                    "total": 20.336635099999736,
                                                    "count": 3688,
                                                    "self": 20.336635099999736
                                                }
                                            }
                                        }
                                    }
                                },
                                "workers": {
                                    "total": 0.0673035999999847,
                                    "count": 1843,
                                    "self": 0.0,
                                    "children": {
                                        "worker_root": {
                                            "total": 109.02691350000005,
                                            "count": 1843,
                                            "is_parallel": true,
                                            "self": 38.13285099999999,
                                            "children": {
                                                "steps_from_proto": {
                                                    "total": 0.00716880000000053,
                                                    "count": 2,
                                                    "is_parallel": true,
                                                    "self": 0.0025225000000013154,
                                                    "children": {
                                                        "_process_rank_one_or_two_observation": {
                                                            "total": 0.004646299999999215,
                                                            "count": 8,
                                                            "is_parallel": true,
                                                            "self": 0.004646299999999215
                                                        }
                                                    }
                                                },
                                                "UnityEnvironment.step": {
                                                    "total": 70.88689370000006,
                                                    "count": 1843,
                                                    "is_parallel": true,
                                                    "self": 0.8699847999997985,
                                                    "children": {
                                                        "UnityEnvironment._generate_step_input": {
                                                            "total": 0.5807313999998378,
                                                            "count": 1843,
                                                            "is_parallel": true,
                                                            "self": 0.5807313999998378
                                                        },
                                                        "communicator.exchange": {
                                                            "total": 64.23911370000008,
                                                            "count": 1843,
                                                            "is_parallel": true,
                                                            "self": 64.23911370000008
                                                        },
                                                        "steps_from_proto": {
                                                            "total": 5.19706380000035,
                                                            "count": 3686,
                                                            "is_parallel": true,
                                                            "self": 1.998829100000794,
                                                            "children": {
                                                                "_process_rank_one_or_two_observation": {
                                                                    "total": 3.1982346999995563,
                                                                    "count": 14744,
                                                                    "is_parallel": true,
                                                                    "self": 3.1982346999995563
                                                                }
                                                            }
                                                        }
                                                    }
                                                }
                                            }
                                        }
                                    }
                                }
                            }
                        },
                        "trainer_advance": {
                            "total": 5.759798899999694,
                            "count": 1843,
                            "self": 0.3061169999997304,
                            "children": {
                                "process_trajectory": {
                                    "total": 5.453681899999964,
                                    "count": 1843,
                                    "self": 5.453681899999964
                                }
                            }
                        }
                    }
                },