{
    "name": "root",
    "gauges": {
        "SoccerTwos.Policy.Entropy.mean": {
            "value": 3.2954061031341553,
            "min": 3.2954061031341553,
            "max": 3.2954061031341553,
            "count": 1
        },
        "SoccerTwos.Policy.Entropy.sum": {
            "value": 66145.390625,
            "min": 66145.390625,
            "max": 66145.390625,
            "count": 1
        },
        "SoccerTwos.Step.mean": {
            "value": 9536.0,
            "min": 9536.0,
            "max": 9536.0,
            "count": 1
        },
        "SoccerTwos.Step.sum": {
            "value": 9536.0,
            "min": 9536.0,
            "max": 9536.0,
            "count": 1
        },
        "SoccerTwos.Policy.ExtrinsicBaselineEstimate.mean": {
            "value": 0.062057215720415115,
            "min": 0.062057215720415115,
            "max": 0.062057215720415115,
            "count": 1
        },
        "SoccerTwos.Policy.ExtrinsicBaselineEstimate.sum": {
            "value": 1.3032015562057495,
            "min": 1.3032015562057495,
            "max": 1.3032015562057495,
            "count": 1
        },
        "SoccerTwos.Policy.ExtrinsicValueEstimate.mean": {
            "value": 0.06204063072800636,
            "min": 0.06204063072800636,
            "max": 0.06204063072800636,
            "count": 1
        },
        "SoccerTwos.Policy.ExtrinsicValueEstimate.sum": {
            "value": 1.3028532266616821,
            "min": 1.3028532266616821,
            "max": 1.3028532266616821,
            "count": 1
        },
        "SoccerTwos.Environment.EpisodeLength.mean": {
            "value": 752.0,
            "min": 752.0,
            "max": 752.0,
            "count": 1
        },
        "SoccerTwos.Environment.EpisodeLength.sum": {
            "value": 18048.0,
            "min": 18048.0,
            "max": 18048.0,
            "count": 1
        },
        "SoccerTwos.Environment.CumulativeReward.mean": {
            "value": -0.08333331843217213,
            "min": -0.08333331843217213,
            "max": -0.08333331843217213,
            "count": 1
        },
        "SoccerTwos.Environment.CumulativeReward.sum": {
            "value": -0.9999998211860657,
            "min": -0.9999998211860657,
            "max": -0.9999998211860657,
            "count": 1
        },
        "SoccerTwos.Policy.ExtrinsicReward.mean": {
            "value": -0.1666666567325592,
            "min": -0.1666666567325592,
            "max": -0.1666666567325592,
            "count": 1
        },
        "SoccerTwos.Policy.ExtrinsicReward.sum": {
            "value": -1.9999998807907104,
            "min": -1.9999998807907104,
            "max": -1.9999998807907104,
            "count": 1
        },
        "SoccerTwos.Environment.GroupCumulativeReward.mean": {
            "value": 0.0,
            "min": 0.0,
            "max": 0.0,
            "count": 1
        },
        "SoccerTwos.Environment.GroupCumulativeReward.sum": {
            "value": 0.0,
            "min": 0.0,
            "max": 0.0,
            "count": 1
        },
        "SoccerTwos.Self-play.ELO.mean": {
            "value": 1200.0797527907453,
            "min": 1200.0797527907453,
            "max": 1200.0797527907453,
            "count": 1
        },
        "SoccerTwos.Self-play.ELO.sum": {
            "value": 7200.478516744472,
            "min": 7200.478516744472,
            "max": 7200.478516744472,
            "count": 1
        },
        "SoccerTwos.IsTraining.mean": {
            "value": 1.0,
            "min": 1.0,
            "max": 1.0,
            "count": 1
        },
        "SoccerTwos.IsTraining.sum": {
            "value": 1.0,
            "min": 1.0,
            "max": 1.0,
            "count": 1
        }
    },
    "metadata": {
        "timer_format_version": "0.1.0",
        "start_time_seconds": "1733105751",
        "python_version": "3.8.19 (default, Mar 20 2024, 19:55:45) [MSC v.1916 64 bit (AMD64)]",
        "command_line_arguments": "C:\\anaconda3\\envs\\mlagents\\Scripts\\mlagents-learn config/poca/SoccerTwos.yaml --run-id=TestRun5 --train",
        "mlagents_version": "0.28.0",
        "mlagents_envs_version": "0.28.0",
        "communication_protocol_version": "1.5.0",
        "pytorch_version": "1.10.0+cpu",
        "numpy_version": "1.19.5",
        "end_time_seconds": "1733106006"
    },
    "total": 255.1785108,
    "count": 1,
    "self": 0.0294361000000265,
    "children": {
        "run_training.setup": {
            "total": 0.1222357999999999,
            "count": 1,
            "self": 0.1222357999999999
        },
        "TrainerController.start_learning": {
            "total": 255.02683889999997,
            "count": 1,
            "self": 0.36596630000016717,
            "children": {
                "TrainerController._reset_env": {
                    "total": 25.1308273,
                    "count": 1,
                    "self": 25.1308273
                },
                "TrainerController.advance": {
                    "total": 228.6325284999998,
                    "count": 9015,
                    "self": 0.35157619999969825,
                    "children": {
                        "env_step": {
                            "total": 189.61972300000005,
                            "count": 9015,
                            "self": 133.09539500000034,
                            "children": {
                                "SubprocessEnvManager._take_step": {
                                    "total": 56.29861160000009,
                                    "count": 9015,
                                    "self": 1.69175170000063,
                                    "children": {
                                        "TorchPolicy.evaluate": {
                                            "total": 54.60685989999946,
                                            "count": 18009,
                                            "self": 8.096266299999641,
                                            "children": {
                                                "TorchPolicy.sample_actions": {
                                                    "total": 46.51059359999982,
                                                    "count": 18009,
                                                    "self": 46.51059359999982
                                                }
                                            }
                                        }
                                    }
                                },
                                "workers": {
                                    "total": 0.22571639999960524,
                                    "count": 9014,
                                    "self": 0.0,
                                    "children": {
                                        "worker_root": {
                                            "total": 229.46962300000058,
                                            "count": 9014,
                                            "is_parallel": true,
                                            "self": 117.67850220000085,
                                            "children": {
                                                "steps_from_proto": {
                                                    "total": 0.009005100000003097,
                                                    "count": 2,
                                                    "is_parallel": true,
                                                    "self": 0.004042500000004168,
                                                    "children": {
                                                        "_process_rank_one_or_two_observation": {
                                                            "total": 0.004962599999998929,
                                                            "count": 8,