{
    "name": "root",
    "gauges": {
        "SoccerTwos.Policy.Entropy.mean": {
            "value": 3.2777178287506104,
            "min": 3.2777178287506104,
            "max": 3.295381546020508,
            "count": 3
        },
        "SoccerTwos.Policy.Entropy.sum": {
            "value": 63863.0546875,
            "min": 63863.0546875,
            "max": 68768.0234375,
            "count": 3
        },
        "SoccerTwos.Step.mean": {
            "value": 29850.0,
            "min": 9934.0,
            "max": 29850.0,
            "count": 3
        },
        "SoccerTwos.Step.sum": {
            "value": 29850.0,
            "min": 9934.0,
            "max": 29850.0,
            "count": 3
        },
        "SoccerTwos.Policy.ExtrinsicBaselineEstimate.mean": {
            "value": 6.50615930557251,
            "min": 0.00908060185611248,
            "max": 6.50615930557251,
            "count": 3
        },
        "SoccerTwos.Policy.ExtrinsicBaselineEstimate.sum": {
            "value": 136.6293487548828,
            "min": 0.19069264829158783,
            "max": 136.6293487548828,
            "count": 3
        },
        "SoccerTwos.Policy.ExtrinsicValueEstimate.mean": {
            "value": 8.490528106689453,
            "min": 0.009082277305424213,
            "max": 8.490528106689453,
            "count": 3
        },
        "SoccerTwos.Policy.ExtrinsicValueEstimate.sum": {
            "value": 178.30108642578125,
            "min": 0.1907278150320053,
            "max": 178.30108642578125,
            "count": 3
        },
        "SoccerTwos.Environment.EpisodeLength.mean": {
            "value": 810.8333333333334,
            "min": 810.8333333333334,
            "max": 999.0,
            "count": 3
        },
        "SoccerTwos.Environment.EpisodeLength.sum": {
            "value": 19460.0,
            "min": 19460.0,
            "max": 20844.0,
            "count": 3
        },
        "SoccerTwos.Environment.CumulativeReward.mean": {
            "value": 1.236385154453191,
            "min": 1.236385154453191,
            "max": 242.3799218326807,
            "count": 3
        },
        "SoccerTwos.Environment.CumulativeReward.sum": {
            "value": 13.6002366989851,
            "min": 13.6002366989851,
            "max": 2423.799218326807,
            "count": 3
        },
        "SoccerTwos.Policy.ExtrinsicReward.mean": {
            "value": 28.363597523082387,
            "min": 28.363597523082387,
            "max": 493.19993591308594,
            "count": 3
        },
        "SoccerTwos.Policy.ExtrinsicReward.sum": {
            "value": 311.99957275390625,
            "min": 311.99957275390625,
            "max": 4931.999359130859,
            "count": 3
        },
        "SoccerTwos.Environment.GroupCumulativeReward.mean": {
            "value": -0.09090909090909091,
            "min": -0.09090909090909091,
            "max": 0.18181818181818182,
            "count": 3
        },
        "SoccerTwos.Environment.GroupCumulativeReward.sum": {
            "value": -1.0,
            "min": -1.0,
            "max": 2.0,
            "count": 3
        },
        "SoccerTwos.Self-play.ELO.mean": {
            "value": 1200.9985608882907,
            "min": 1200.7492804441454,
            "max": 1200.9985608882907,
            "count": 2
        },
        "SoccerTwos.Self-play.ELO.sum": {
            "value": 4803.994243553163,
            "min": 2401.4985608882907,
            "max": 4803.994243553163,
            "count": 2
        },
        "SoccerTwos.IsTraining.mean": {
            "value": 1.0,
            "min": 1.0,
            "max": 1.0,
            "count": 3
        },
        "SoccerTwos.IsTraining.sum": {
            "value": 1.0,
            "min": 1.0,
            "max": 1.0,
            "count": 3
        },
        "SoccerTwos.Losses.PolicyLoss.mean": {
            "value": 0.01708762949759451,
            "min": 0.01708762949759451,
            "max": 0.02710477418731898,
            "count": 2
        },
        "SoccerTwos.Losses.PolicyLoss.sum": {
            "value": 0.01708762949759451,
            "min": 0.01708762949759451,
            "max": 0.02710477418731898,
            "count": 2
        },
        "SoccerTwos.Losses.ValueLoss.mean": {
            "value": 114.20693194071451,
            "min": 114.20693194071451,
            "max": 144.9499173482259,
            "count": 2
        },
        "SoccerTwos.Losses.ValueLoss.sum": {
            "value": 114.20693194071451,
            "min": 114.20693194071451,
            "max": 144.9499173482259,
            "count": 2
        },
        "SoccerTwos.Losses.BaselineLoss.mean": {
            "value": 254.23149719238282,
            "min": 237.3043706258138,
            "max": 254.23149719238282,
            "count": 2
        },
        "SoccerTwos.Losses.BaselineLoss.sum": {
            "value": 254.23149719238282,
            "min": 237.3043706258138,
            "max": 254.23149719238282,
            "count": 2
        },
        "SoccerTwos.Policy.LearningRate.mean": {
            "value": 0.0003,
            "min": 0.0003,
            "max": 0.0003,
            "count": 2
        },
        "SoccerTwos.Policy.LearningRate.sum": {
            "value": 0.0003,
            "min": 0.0003,
            "max": 0.0003,
            "count": 2
        },
        "SoccerTwos.Policy.Epsilon.mean": {
            "value": 0.20000000000000007,
            "min": 0.20000000000000007,
            "max": 0.20000000000000007,
            "count": 2
        },
        "SoccerTwos.Policy.Epsilon.sum": {
            "value": 0.20000000000000007,
            "min": 0.20000000000000007,
            "max": 0.20000000000000007,
            "count": 2
        },
        "SoccerTwos.Policy.Beta.mean": {
            "value": 0.005000000000000001,
            "min": 0.005000000000000001,
            "max": 0.005000000000000001,
            "count": 2
        },
        "SoccerTwos.Policy.Beta.sum": {
            "value": 0.005000000000000001,
            "min": 0.005000000000000001,
            "max": 0.005000000000000001,
            "count": 2
        }
    },
    "metadata": {
        "timer_format_version": "0.1.0",
        "start_time_seconds": "1733072461",
        "python_version": "3.8.19 (default, Mar 20 2024, 19:55:45) [MSC v.1916 64 bit (AMD64)]",
        "command_line_arguments": "C:\\anaconda3\\envs\\mlagents\\Scripts\\mlagents-learn config/poca/SoccerTwos.yaml --run-id=TestRunScoreAndGoaliePositioning --train",
        "mlagents_version": "0.28.0",
        "mlagents_envs_version": "0.28.0",
        "communication_protocol_version": "1.5.0",
        "pytorch_version": "1.10.0+cpu",
        "numpy_version": "1.19.5",
        "end_time_seconds": "1733073087"
    },
    "total": 625.5470797,
    "count": 1,
    "self": 0.018736699999976736,
    "children": {
        "run_training.setup": {
            "total": 0.119259,
            "count": 1,
            "self": 0.119259
        },
        "TrainerController.start_learning": {
            "total": 625.409084,
            "count": 1,
            "self": 0.655821399998672,
            "children": {
                "TrainerController._reset_env": {
                    "total": 10.8383411,
                    "count": 1,
                    "self": 10.8383411
                },
                "TrainerController.advance": {
                    "total": 612.9686979000013,
                    "count": 15389,
                    "self": 0.6201100000026827,
                    "children": {
                        "env_step": {
                            "total": 537.6053319000007,
                            "count": 15389,
                            "self": 434.38024839999986,
                            "children": {
                                "SubprocessEnvManager._take_step": {
                                    "total": 102.8204116999975,
                                    "count": 15389,