{
    "name": "root",
    "metadata": {
        "timer_format_version": "0.1.0",
        "start_time_seconds": "1736700378",
        "python_version": "3.8.19 (default, Mar 20 2024, 19:55:45) [MSC v.1916 64 bit (AMD64)]",
        "command_line_arguments": "C:\\anaconda3\\envs\\mlagents\\Scripts\\mlagents-learn config/poca/SoccerTwos.yaml --run-id=stepTest4 --train",
        "mlagents_version": "0.28.0",
        "mlagents_envs_version": "0.28.0",
        "communication_protocol_version": "1.5.0",
        "pytorch_version": "1.10.0+cpu",
        "numpy_version": "1.19.5",
        "end_time_seconds": "1736700662"
    },
    "total": 284.55035349999997,
    "count": 1,
    "self": 0.028104599999949187,
    "children": {
        "run_training.setup": {
            "total": 0.30787239999999994,
            "count": 1,
            "self": 0.30787239999999994
        },
        "TrainerController.start_learning": {
            "total": 284.2143765,
            "count": 1,
            "self": 0.2999626000007538,
            "children": {
                "TrainerController._reset_env": {
                    "total": 19.7807896,
                    "count": 1,
                    "self": 19.7807896
                },
                "TrainerController.advance": {
                    "total": 263.1931485999993,
                    "count": 4802,
                    "self": 0.2992936999982021,
                    "children": {
                        "env_step": {
                            "total": 255.63503920000028,
                            "count": 4802,
                            "self": 203.1426775000004,
                            "children": {
                                "SubprocessEnvManager._take_step": {
                                    "total": 52.31508620000005,
                                    "count": 4802,
                                    "self": 1.5649870000004285,
                                    "children": {
                                        "TorchPolicy.evaluate": {
                                            "total": 50.750099199999624,
                                            "count": 9594,
                                            "self": 6.906264799998986,
                                            "children": {
                                                "TorchPolicy.sample_actions": {
                                                    "total": 43.84383440000064,
                                                    "count": 9594,
                                                    "self": 43.84383440000064
                                                }
                                            }
                                        }
                                    }
                                },
                                "workers": {
                                    "total": 0.17727549999983694,
                                    "count": 4801,
                                    "self": 0.0,
                                    "children": {
                                        "worker_root": {
                                            "total": 265.01633289999927,
                                            "count": 4801,
                                            "is_parallel": true,
                                            "self": 79.28171479999764,
                                            "children": {
                                                "steps_from_proto": {
                                                    "total": 0.008107899999998835,
                                                    "count": 2,
                                                    "is_parallel": true,
                                                    "self": 0.0030650999999934925,
                                                    "children": {
                                                        "_process_rank_one_or_two_observation": {
                                                            "total": 0.005042800000005343,
                                                            "count": 8,
                                                            "is_parallel": true,
                                                            "self": 0.005042800000005343
                                                        }
                                                    }
                                                },
                                                "UnityEnvironment.step": {
                                                    "total": 185.72651020000163,
                                                    "count": 4801,
                                                    "is_parallel": true,
                                                    "self": 2.114005400002384,
                                                    "children": {
                                                        "UnityEnvironment._generate_step_input": {
                                                            "total": 1.4803982000016376,
                                                            "count": 4801,
                                                            "is_parallel": true,
                                                            "self": 1.4803982000016376
                                                        },
                                                        "communicator.exchange": {
                                                            "total": 169.56571610000003,
                                                            "count": 4801,
                                                            "is_parallel": true,
                                                            "self": 169.56571610000003
                                                        },
                                                        "steps_from_proto": {
                                                            "total": 12.566390499997564,
                                                            "count": 9602,
                                                            "is_parallel": true,
                                                            "self": 4.754442399998442,
                                                            "children": {
                                                                "_process_rank_one_or_two_observation": {
                                                                    "total": 7.811948099999121,
                                                                    "count": 38408,
                                                                    "is_parallel": true,
                                                                    "self": 7.811948099999121
                                                                }
                                                            }
                                                        }
                                                    }
                                                }
                                            }
                                        }
                                    }
                                }
                            }
                        },
                        "trainer_advance": {
                            "total": 7.258815700000817,
                            "count": 4801,
                            "self": 0.73358279999999,
                            "children": {
                                "process_trajectory": {
                                    "total": 6.525232900000827,
                                    "count": 4801,
                                    "self": 6.525232900000827
                                }
                            }
                        }
                    }
                },