{
    "name": "root",
    "gauges": {
        "SoccerTwos.Policy.Entropy.mean": {
            "value": 3.283510684967041,
            "min": 3.283510684967041,
            "max": 3.2956912517547607,
            "count": 3
        },
        "SoccerTwos.Policy.Entropy.sum": {
            "value": 234626.53125,
            "min": 234626.53125,
            "max": 257749.421875,
            "count": 3
        },
        "SoccerTwos.Environment.EpisodeLength.mean": {
            "value": 131.28947368421052,
            "min": 120.07692307692308,
            "max": 150.28571428571428,
            "count": 3
        },
        "SoccerTwos.Environment.EpisodeLength.sum": {
            "value": 19956.0,
            "min": 18732.0,
            "max": 21040.0,
            "count": 3
        },
        "SoccerTwos.Self-play.ELO.mean": {
            "value": 1204.0538850845433,
            "min": 1199.7239719754862,
            "max": 1204.0538850845433,
            "count": 3
        },
        "SoccerTwos.Self-play.ELO.sum": {
            "value": 69835.12533490351,
            "min": 69835.12533490351,
            "max": 72000.97058003022,
            "count": 3
        },
        "SoccerTwos.Step.mean": {
            "value": 29918.0,
            "min": 9742.0,
            "max": 29918.0,
            "count": 3
        },
        "SoccerTwos.Step.sum": {
            "value": 29918.0,
            "min": 9742.0,
            "max": 29918.0,
            "count": 3
        },
        "SoccerTwos.Policy.ExtrinsicBaselineEstimate.mean": {
            "value": 0.01816011592745781,
            "min": 0.01816011592745781,
            "max": 0.022352594882249832,
            "count": 3
        },
        "SoccerTwos.Policy.ExtrinsicBaselineEstimate.sum": {
            "value": 1.3620086908340454,
            "min": 1.3620086908340454,
            "max": 1.7657979726791382,
            "count": 3
        },
        "SoccerTwos.Policy.ExtrinsicValueEstimate.mean": {
            "value": 0.015391547232866287,
            "min": 0.015391547232866287,
            "max": 0.02235046587884426,
            "count": 3
        },
        "SoccerTwos.Policy.ExtrinsicValueEstimate.sum": {
            "value": 1.1543660163879395,
            "min": 1.1543660163879395,
            "max": 1.7656867504119873,
            "count": 3
        },
        "SoccerTwos.Environment.CumulativeReward.mean": {
            "value": -0.0004639999071756999,
            "min": -0.0004639999071756999,
            "max": 0.0004405062409895885,
            "count": 3
        },
        "SoccerTwos.Environment.CumulativeReward.sum": {
            "value": -0.03479999303817749,
            "min": -0.03479999303817749,
            "max": 0.03479999303817749,
            "count": 3
        },
        "SoccerTwos.Policy.ExtrinsicReward.mean": {
            "value": -0.02042400081952413,
            "min": -0.2208823498119326,
            "max": 0.05909620282016223,
            "count": 3
        },
        "SoccerTwos.Policy.ExtrinsicReward.sum": {
            "value": -1.5318000614643097,
            "min": -15.019999787211418,
            "max": 4.668600022792816,
            "count": 3
        },
        "SoccerTwos.Environment.GroupCumulativeReward.mean": {
            "value": -0.02042400081952413,
            "min": -0.2208823498119326,
            "max": 0.05909620282016223,
            "count": 3
        },
        "SoccerTwos.Environment.GroupCumulativeReward.sum": {
            "value": -1.5318000614643097,
            "min": -15.019999787211418,
            "max": 4.668600022792816,
            "count": 3
        },
        "SoccerTwos.IsTraining.mean": {
            "value": 1.0,
            "min": 1.0,
            "max": 1.0,
            "count": 3
        },
        "SoccerTwos.IsTraining.sum": {
            "value": 1.0,
            "min": 1.0,
            "max": 1.0,
            "count": 3
        },
        "SoccerTwos.Losses.PolicyLoss.mean": {
            "value": 0.014538066957053767,
            "min": 0.014538066957053767,
            "max": 0.014538066957053767,
            "count": 1
        },
        "SoccerTwos.Losses.PolicyLoss.sum": {
            "value": 0.014538066957053767,
            "min": 0.014538066957053767,
            "max": 0.014538066957053767,
            "count": 1
        },
        "SoccerTwos.Losses.ValueLoss.mean": {
            "value": 0.03546347729861736,
            "min": 0.03546347729861736,
            "max": 0.03546347729861736,
            "count": 1
        },
        "SoccerTwos.Losses.ValueLoss.sum": {
            "value": 0.03546347729861736,
            "min": 0.03546347729861736,
            "max": 0.03546347729861736,
            "count": 1
        },
        "SoccerTwos.Losses.BaselineLoss.mean": {
            "value": 0.03523236960172653,
            "min": 0.03523236960172653,
            "max": 0.03523236960172653,
            "count": 1
        },
        "SoccerTwos.Losses.BaselineLoss.sum": {
            "value": 0.03523236960172653,
            "min": 0.03523236960172653,
            "max": 0.03523236960172653,
            "count": 1
        },
        "SoccerTwos.Policy.LearningRate.mean": {
            "value": 0.0003,
            "min": 0.0003,
            "max": 0.0003,
            "count": 1
        },
        "SoccerTwos.Policy.LearningRate.sum": {
            "value": 0.0003,
            "min": 0.0003,
            "max": 0.0003,
            "count": 1
        },
        "SoccerTwos.Policy.Epsilon.mean": {
            "value": 0.20000000000000007,
            "min": 0.20000000000000007,
            "max": 0.20000000000000007,
            "count": 1
        },
        "SoccerTwos.Policy.Epsilon.sum": {
            "value": 0.20000000000000007,
            "min": 0.20000000000000007,
            "max": 0.20000000000000007,
            "count": 1
        },
        "SoccerTwos.Policy.Beta.mean": {
            "value": 0.005000000000000001,
            "min": 0.005000000000000001,
            "max": 0.005000000000000001,
            "count": 1
        },
        "SoccerTwos.Policy.Beta.sum": {
            "value": 0.005000000000000001,
            "min": 0.005000000000000001,
            "max": 0.005000000000000001,
            "count": 1
        }
    },
    "metadata": {
        "timer_format_version": "0.1.0",
        "start_time_seconds": "1736605478",
        "python_version": "3.8.19 (default, Mar 20 2024, 19:55:45) [MSC v.1916 64 bit (AMD64)]",
        "command_line_arguments": "C:\\Users\\H\\anaconda3\\envs\\mlagents\\Scripts\\mlagents-learn config/poca/SoccerTwos.yaml --run-id=logtest_2 --train",
        "mlagents_version": "0.28.0",
        "mlagents_envs_version": "0.28.0",
        "communication_protocol_version": "1.5.0",
        "pytorch_version": "1.10.0+cpu",
        "numpy_version": "1.19.5",
        "end_time_seconds": "1736605775"
    },
    "total": 297.24850260000005,
    "count": 1,
    "self": 10.0075657000001,
    "children": {
        "run_training.setup": {
            "total": 0.08300130000000006,
            "count": 1,
            "self": 0.08300130000000006
        },
        "TrainerController.start_learning": {
            "total": 287.1579356,
            "count": 1,
            "self": 0.2171045000015397,
            "children": {
                "TrainerController._reset_env": {
                    "total": 16.39410529999993,
                    "count": 29,
                    "self": 16.39410529999993
                },
                "TrainerController.advance": {
                    "total": 270.31880079999854,
                    "count": 8564,
                    "self": 0.24339970000028188,
                    "children": {
                        "env_step": {
                            "total": 206.5745620999988,
                            "count": 8564,
                            "self": 174.40343649999883,