{
    "name": "root",
    "gauges": {
        "SoccerTwos.Policy.Entropy.mean": {
            "value": 3.2861289978027344,
            "min": 3.2861289978027344,
            "max": 3.2955172061920166,
            "count": 2
        },
        "SoccerTwos.Policy.Entropy.sum": {
            "value": 65591.1328125,
            "min": 65591.1328125,
            "max": 72171.828125,
            "count": 2
        },
        "SoccerTwos.Step.mean": {
            "value": 19930.0,
            "min": 9950.0,
            "max": 19930.0,
            "count": 2
        },
        "SoccerTwos.Step.sum": {
            "value": 19930.0,
            "min": 9950.0,
            "max": 19930.0,
            "count": 2
        },
        "SoccerTwos.Policy.ExtrinsicBaselineEstimate.mean": {
            "value": 0.11676575243473053,
            "min": 0.0981786921620369,
            "max": 0.11676575243473053,
            "count": 2
        },
        "SoccerTwos.Policy.ExtrinsicBaselineEstimate.sum": {
            "value": 2.335314989089966,
            "min": 2.335314989089966,
            "max": 2.3562886714935303,
            "count": 2
        },
        "SoccerTwos.Policy.ExtrinsicValueEstimate.mean": {
            "value": 0.11843591928482056,
            "min": 0.0981917604804039,
            "max": 0.11843591928482056,
            "count": 2
        },
        "SoccerTwos.Policy.ExtrinsicValueEstimate.sum": {
            "value": 2.368718385696411,
            "min": 2.356602191925049,
            "max": 2.368718385696411,
            "count": 2
        },
        "SoccerTwos.Environment.EpisodeLength.mean": {
            "value": 914.0,
            "min": 709.7142857142857,
            "max": 914.0,
            "count": 2
        },
        "SoccerTwos.Environment.EpisodeLength.sum": {
            "value": 21936.0,
            "min": 19872.0,
            "max": 21936.0,
            "count": 2
        },
        "SoccerTwos.Environment.CumulativeReward.mean": {
            "value": 0.03999999612569809,
            "min": -0.028571431658097675,
            "max": 0.03999999612569809,
            "count": 2
        },
        "SoccerTwos.Environment.CumulativeReward.sum": {
            "value": 0.3999999612569809,
            "min": -0.40000004321336746,
            "max": 0.3999999612569809,
            "count": 2
        },
        "SoccerTwos.Policy.ExtrinsicReward.mean": {
            "value": 0.48000001907348633,
            "min": 0.37142856419086456,
            "max": 0.48000001907348633,
            "count": 2
        },
        "SoccerTwos.Policy.ExtrinsicReward.sum": {
            "value": 4.800000190734863,
            "min": 4.800000190734863,
            "max": 5.199999898672104,
            "count": 2
        },
        "SoccerTwos.Environment.GroupCumulativeReward.mean": {
            "value": 0.4,
            "min": 0.4,
            "max": 0.42857142857142855,
            "count": 2
        },
        "SoccerTwos.Environment.GroupCumulativeReward.sum": {
            "value": 4.0,
            "min": 4.0,
            "max": 6.0,
            "count": 2
        },
        "SoccerTwos.Self-play.ELO.mean": {
            "value": 1200.7435653344637,
            "min": 1200.6642716047852,
            "max": 1200.7435653344637,
            "count": 2
        },
        "SoccerTwos.Self-play.ELO.sum": {
            "value": 2401.4871306689274,
            "min": 2401.4871306689274,
            "max": 7203.985629628711,
            "count": 2
        },
        "SoccerTwos.IsTraining.mean": {
            "value": 1.0,
            "min": 1.0,
            "max": 1.0,
            "count": 2
        },
        "SoccerTwos.IsTraining.sum": {
            "value": 1.0,
            "min": 1.0,
            "max": 1.0,
            "count": 2
        },
        "SoccerTwos.Losses.PolicyLoss.mean": {
            "value": 0.02380431545122216,
            "min": 0.02380431545122216,
            "max": 0.02380431545122216,
            "count": 1
        },
        "SoccerTwos.Losses.PolicyLoss.sum": {
            "value": 0.02380431545122216,
            "min": 0.02380431545122216,
            "max": 0.02380431545122216,
            "count": 1
        },
        "SoccerTwos.Losses.ValueLoss.mean": {
            "value": 0.01099223610945046,
            "min": 0.01099223610945046,
            "max": 0.01099223610945046,
            "count": 1
        },
        "SoccerTwos.Losses.ValueLoss.sum": {
            "value": 0.01099223610945046,
            "min": 0.01099223610945046,
            "max": 0.01099223610945046,
            "count": 1
        },
        "SoccerTwos.Losses.BaselineLoss.mean": {
            "value": 0.012484946303690474,
            "min": 0.012484946303690474,
            "max": 0.012484946303690474,
            "count": 1
        },
        "SoccerTwos.Losses.BaselineLoss.sum": {
            "value": 0.012484946303690474,
            "min": 0.012484946303690474,
            "max": 0.012484946303690474,
            "count": 1
        },
        "SoccerTwos.Policy.LearningRate.mean": {
            "value": 0.0003,
            "min": 0.0003,
            "max": 0.0003,
            "count": 1
        },
        "SoccerTwos.Policy.LearningRate.sum": {
            "value": 0.0003,
            "min": 0.0003,
            "max": 0.0003,
            "count": 1
        },
        "SoccerTwos.Policy.Epsilon.mean": {
            "value": 0.20000000000000007,
            "min": 0.20000000000000007,
            "max": 0.20000000000000007,
            "count": 1
        },
        "SoccerTwos.Policy.Epsilon.sum": {
            "value": 0.20000000000000007,
            "min": 0.20000000000000007,
            "max": 0.20000000000000007,
            "count": 1
        },
        "SoccerTwos.Policy.Beta.mean": {
            "value": 0.005000000000000001,
            "min": 0.005000000000000001,
            "max": 0.005000000000000001,
            "count": 1
        },
        "SoccerTwos.Policy.Beta.sum": {
            "value": 0.005000000000000001,
            "min": 0.005000000000000001,
            "max": 0.005000000000000001,
            "count": 1
        }
    },
    "metadata": {
        "timer_format_version": "0.1.0",
        "start_time_seconds": "1736590336",
        "python_version": "3.8.19 (default, Mar 20 2024, 19:55:45) [MSC v.1916 64 bit (AMD64)]",
        "command_line_arguments": "C:\\anaconda3\\envs\\mlagents\\Scripts\\mlagents-learn config/poca/SoccerTwos.yaml --run-id=logtest_2 --train",
        "mlagents_version": "0.28.0",
        "mlagents_envs_version": "0.28.0",
        "communication_protocol_version": "1.5.0",
        "pytorch_version": "1.10.0+cpu",
        "numpy_version": "1.19.5",
        "end_time_seconds": "1736590827"
    },
    "total": 491.650463,
    "count": 1,
    "self": 0.026963800000032734,
    "children": {
        "run_training.setup": {
            "total": 0.31413279999999943,
            "count": 1,
            "self": 0.31413279999999943
        },
        "TrainerController.start_learning": {
            "total": 491.3093664,
            "count": 1,
            "self": 0.713484299996253,
            "children": {
                "TrainerController._reset_env": {
                    "total": 10.803057,
                    "count": 1,
                    "self": 10.803057
                },
                "TrainerController.advance": {
                    "total": 478.8156865000037,
                    "count": 12493,
                    "self": 0.704663100007906,
                    "children": {
                        "env_step": {
                            "total": 391.46662849999785,
                            "count": 12493,
                            "self": 264.3590523999941,
                            "children": {
                                "SubprocessEnvManager._take_step": {
                                    "total": 126.67474260000157,
                                    "count": 12493,