{
    "name": "root",
    "gauges": {
        "SoccerTwos.Policy.Entropy.mean": {
            "value": 3.295710563659668,
            "min": 3.295710563659668,
            "max": 3.295710563659668,
            "count": 1
        },
        "SoccerTwos.Policy.Entropy.sum": {
            "value": 89959.71875,
            "min": 89959.71875,
            "max": 89959.71875,
            "count": 1
        },
        "SoccerTwos.Environment.EpisodeLength.mean": {
            "value": 357.1,
            "min": 357.1,
            "max": 357.1,
            "count": 1
        },
        "SoccerTwos.Environment.EpisodeLength.sum": {
            "value": 14284.0,
            "min": 14284.0,
            "max": 14284.0,
            "count": 1
        },
        "SoccerTwos.Self-play.ELO.mean": {
            "value": 1198.0781843006564,
            "min": 1198.0781843006564,
            "max": 1198.0781843006564,
            "count": 1
        },
        "SoccerTwos.Self-play.ELO.sum": {
            "value": 23961.563686013127,
            "min": 23961.563686013127,
            "max": 23961.563686013127,
            "count": 1
        },
        "SoccerTwos.Step.mean": {
            "value": 9809.0,
            "min": 9809.0,
            "max": 9809.0,
            "count": 1
        },
        "SoccerTwos.Step.sum": {
            "value": 9809.0,
            "min": 9809.0,
            "max": 9809.0,
            "count": 1
        },
        "SoccerTwos.Policy.ExtrinsicBaselineEstimate.mean": {
            "value": 0.040171846747398376,
            "min": 0.040171846747398376,
            "max": 0.040171846747398376,
            "count": 1
        },
        "SoccerTwos.Policy.ExtrinsicBaselineEstimate.sum": {
            "value": 1.2453272342681885,
            "min": 1.2453272342681885,
            "max": 1.2453272342681885,
            "count": 1
        },
        "SoccerTwos.Policy.ExtrinsicValueEstimate.mean": {
            "value": 0.04017867147922516,
            "min": 0.04017867147922516,
            "max": 0.04017867147922516,
            "count": 1
        },
        "SoccerTwos.Policy.ExtrinsicValueEstimate.sum": {
            "value": 1.2455388307571411,
            "min": 1.2455388307571411,
            "max": 1.2455388307571411,
            "count": 1
        },
        "SoccerTwos.Environment.CumulativeReward.mean": {
            "value": -2.3340947668215164,
            "min": -2.3340947668215164,
            "max": -2.3340947668215164,
            "count": 1
        },
        "SoccerTwos.Environment.CumulativeReward.sum": {
            "value": -44.34780056960881,
            "min": -44.34780056960881,
            "max": -44.34780056960881,
            "count": 1
        },
        "SoccerTwos.Policy.ExtrinsicReward.mean": {
            "value": -4.803020655324585,
            "min": -4.803020655324585,
            "max": -4.803020655324585,
            "count": 1
        },
        "SoccerTwos.Policy.ExtrinsicReward.sum": {
            "value": -91.2573924511671,
            "min": -91.2573924511671,
            "max": -91.2573924511671,
            "count": 1
        },
        "SoccerTwos.Environment.GroupCumulativeReward.mean": {
            "value": -0.07670525971211885,
            "min": -0.07670525971211885,
            "max": -0.07670525971211885,
            "count": 1
        },
        "SoccerTwos.Environment.GroupCumulativeReward.sum": {
            "value": -1.4573999345302582,
            "min": -1.4573999345302582,
            "max": -1.4573999345302582,
            "count": 1
        },
        "SoccerTwos.IsTraining.mean": {
            "value": 1.0,
            "min": 1.0,
            "max": 1.0,
            "count": 1
        },
        "SoccerTwos.IsTraining.sum": {
            "value": 1.0,
            "min": 1.0,
            "max": 1.0,
            "count": 1
        }
    },
    "metadata": {
        "timer_format_version": "0.1.0",
        "start_time_seconds": "1733087074",
        "python_version": "3.8.19 (default, Mar 20 2024, 19:55:45) [MSC v.1916 64 bit (AMD64)]",
        "command_line_arguments": "C:\\anaconda3\\envs\\mlagents\\Scripts\\mlagents-learn config/poca/SoccerTwos.yaml --run-id=TestRunScoreAndBallVelocity --train",
        "mlagents_version": "0.28.0",
        "mlagents_envs_version": "0.28.0",
        "communication_protocol_version": "1.5.0",
        "pytorch_version": "1.10.0+cpu",
        "numpy_version": "1.19.5",
        "end_time_seconds": "1733087144"
    },
    "total": 69.3268182,
    "count": 1,
    "self": 0.02123830000002158,
    "children": {
        "run_training.setup": {
            "total": 0.12682909999999992,
            "count": 1,
            "self": 0.12682909999999992
        },
        "TrainerController.start_learning": {
            "total": 69.17875079999999,
            "count": 1,
            "self": 0.03638569999995411,
            "children": {
                "TrainerController._reset_env": {
                    "total": 13.6898488,
                    "count": 1,
                    "self": 13.6898488
                },
                "TrainerController.advance": {
                    "total": 54.89265010000003,
                    "count": 896,
                    "self": 0.030738200000065774,
                    "children": {
                        "env_step": {
                            "total": 29.311656600000028,
                            "count": 896,
                            "self": 24.269485900000163,
                            "children": {
                                "SubprocessEnvManager._take_step": {
                                    "total": 5.023171299999852,
                                    "count": 896,
                                    "self": 0.16376189999999013,
                                    "children": {
                                        "TorchPolicy.evaluate": {
                                            "total": 4.859409399999862,
                                            "count": 1774,
                                            "self": 0.667644399999908,
                                            "children": {
                                                "TorchPolicy.sample_actions": {
                                                    "total": 4.191764999999954,
                                                    "count": 1774,
                                                    "self": 4.191764999999954
                                                }
                                            }
                                        }
                                    }
                                },
                                "workers": {
                                    "total": 0.018999400000014433,
                                    "count": 896,
                                    "self": 0.0,
                                    "children": {
                                        "worker_root": {
                                            "total": 35.262091700000106,
                                            "count": 896,
                                            "is_parallel": true,
                                            "self": 14.828646900000145,
                                            "children": {
                                                "steps_from_proto": {
                                                    "total": 0.008788799999999597,
                                                    "count": 2,
                                                    "is_parallel": true,
                                                    "self": 0.002914999999999779,
                                                    "children": {
                                                        "_process_rank_one_or_two_observation": {
                                                            "total": 0.005873799999999818,