{
    "name": "root",
    "gauges": {
        "SoccerTwos.Policy.Entropy.mean": {
            "value": 3.2849738597869873,
            "min": 3.2849738597869873,
            "max": 3.2955234050750732,
            "count": 3
        },
        "SoccerTwos.Policy.Entropy.sum": {
            "value": 66724.390625,
            "min": 65189.734375,
            "max": 67584.59375,
            "count": 3
        },
        "SoccerTwos.Step.mean": {
            "value": 29822.0,
            "min": 9754.0,
            "max": 29822.0,
            "count": 3
        },
        "SoccerTwos.Step.sum": {
            "value": 29822.0,
            "min": 9754.0,
            "max": 29822.0,
            "count": 3
        },
        "SoccerTwos.Policy.ExtrinsicBaselineEstimate.mean": {
            "value": -0.0124552883207798,
            "min": -0.040071140974760056,
            "max": -0.009057858027517796,
            "count": 3
        },
        "SoccerTwos.Policy.ExtrinsicBaselineEstimate.sum": {
            "value": -0.2740163505077362,
            "min": -0.8414939641952515,
            "max": -0.2173886001110077,
            "count": 3
        },
        "SoccerTwos.Policy.ExtrinsicValueEstimate.mean": {
            "value": -0.005670282524079084,
            "min": -0.04008607938885689,
            "max": -0.005670282524079084,
            "count": 3
        },
        "SoccerTwos.Policy.ExtrinsicValueEstimate.sum": {
            "value": -0.12474621832370758,
            "min": -0.8418076634407043,
            "max": -0.12474621832370758,
            "count": 3
        },
        "SoccerTwos.Environment.EpisodeLength.mean": {
            "value": 845.3333333333334,
            "min": 825.0,
            "max": 924.4,
            "count": 3
        },
        "SoccerTwos.Environment.EpisodeLength.sum": {
            "value": 20288.0,
            "min": 18488.0,
            "max": 20288.0,
            "count": 3
        },
        "SoccerTwos.Environment.CumulativeReward.mean": {
            "value": 0.0,
            "min": 0.0,
            "max": 0.020000001788139342,
            "count": 3
        },
        "SoccerTwos.Environment.CumulativeReward.sum": {
            "value": 0.0,
            "min": 0.0,
            "max": 0.20000001788139343,
            "count": 3
        },
        "SoccerTwos.Policy.ExtrinsicReward.mean": {
            "value": -0.08333333333333333,
            "min": -0.08333333333333333,
            "max": 0.4166666666666667,
            "count": 3
        },
        "SoccerTwos.Policy.ExtrinsicReward.sum": {
            "value": -1.0,
            "min": -1.0,
            "max": 5.0,
            "count": 3
        },
        "SoccerTwos.Environment.GroupCumulativeReward.mean": {
            "value": -0.08333333333333333,
            "min": -0.08333333333333333,
            "max": 0.4166666666666667,
            "count": 3
        },
        "SoccerTwos.Environment.GroupCumulativeReward.sum": {
            "value": -1.0,
            "min": -1.0,
            "max": 5.0,
            "count": 3
        },
        "SoccerTwos.Self-play.ELO.mean": {
            "value": 1202.972855347185,
            "min": 1200.7492804441454,
            "max": 1202.972855347185,
            "count": 3
        },
        "SoccerTwos.Self-play.ELO.sum": {
            "value": 2405.94571069437,
            "min": 2401.4985608882907,
            "max": 9610.905630151612,
            "count": 3
        },
        "SoccerTwos.IsTraining.mean": {
            "value": 1.0,
            "min": 1.0,
            "max": 1.0,
            "count": 3
        },
        "SoccerTwos.IsTraining.sum": {
            "value": 1.0,
            "min": 1.0,
            "max": 1.0,
            "count": 3
        },
        "SoccerTwos.Losses.PolicyLoss.mean": {
            "value": 0.029536009967947998,
            "min": 0.027871265332214533,
            "max": 0.029536009967947998,
            "count": 2
        },
        "SoccerTwos.Losses.PolicyLoss.sum": {
            "value": 0.029536009967947998,
            "min": 0.027871265332214533,
            "max": 0.029536009967947998,
            "count": 2
        },
        "SoccerTwos.Losses.ValueLoss.mean": {
            "value": 0.004279663305108746,
            "min": 0.0022935048861351484,
            "max": 0.004279663305108746,
            "count": 2
        },
        "SoccerTwos.Losses.ValueLoss.sum": {
            "value": 0.004279663305108746,
            "min": 0.0022935048861351484,
            "max": 0.004279663305108746,
            "count": 2
        },
        "SoccerTwos.Losses.BaselineLoss.mean": {
            "value": 0.004652115019659201,
            "min": 0.002327695889592481,
            "max": 0.004652115019659201,
            "count": 2
        },
        "SoccerTwos.Losses.BaselineLoss.sum": {
            "value": 0.004652115019659201,
            "min": 0.002327695889592481,
            "max": 0.004652115019659201,
            "count": 2
        },
        "SoccerTwos.Policy.LearningRate.mean": {
            "value": 0.0003,
            "min": 0.0003,
            "max": 0.0003,
            "count": 2
        },
        "SoccerTwos.Policy.LearningRate.sum": {
            "value": 0.0003,
            "min": 0.0003,
            "max": 0.0003,
            "count": 2
        },
        "SoccerTwos.Policy.Epsilon.mean": {
            "value": 0.20000000000000007,
            "min": 0.20000000000000007,
            "max": 0.20000000000000007,
            "count": 2
        },
        "SoccerTwos.Policy.Epsilon.sum": {
            "value": 0.20000000000000007,
            "min": 0.20000000000000007,
            "max": 0.20000000000000007,
            "count": 2
        },
        "SoccerTwos.Policy.Beta.mean": {
            "value": 0.005000000000000001,
            "min": 0.005000000000000001,
            "max": 0.005000000000000001,
            "count": 2
        },
        "SoccerTwos.Policy.Beta.sum": {
            "value": 0.005000000000000001,
            "min": 0.005000000000000001,
            "max": 0.005000000000000001,
            "count": 2
        }
    },
    "metadata": {
        "timer_format_version": "0.1.0",
        "start_time_seconds": "1733084929",
        "python_version": "3.8.19 (default, Mar 20 2024, 19:55:45) [MSC v.1916 64 bit (AMD64)]",
        "command_line_arguments": "C:\\anaconda3\\envs\\mlagents\\Scripts\\mlagents-learn config/poca/SoccerTwos.yaml --run-id=TestRunScoreAndBallDirectionCorrectOne --train",
        "mlagents_version": "0.28.0",
        "mlagents_envs_version": "0.28.0",
        "communication_protocol_version": "1.5.0",
        "pytorch_version": "1.10.0+cpu",
        "numpy_version": "1.19.5",
        "end_time_seconds": "1733085447"
    },
    "total": 518.621366,
    "count": 1,
    "self": 0.0182711999999583,
    "children": {
        "run_training.setup": {
            "total": 0.1605443000000002,
            "count": 1,
            "self": 0.1605443000000002
        },
        "TrainerController.start_learning": {
            "total": 518.4425505,
            "count": 1,
            "self": 0.7511487000033412,
            "children": {
                "TrainerController._reset_env": {
                    "total": 23.7660172,
                    "count": 1,
                    "self": 23.7660172
                },
                "TrainerController.advance": {
                    "total": 493.0546091999966,
                    "count": 19000,
                    "self": 0.710418499996365,
                    "children": {
                        "env_step": {
                            "total": 390.0716570000028,
                            "count": 19000,
                            "self": 272.0251490000109,
                            "children": {
                                "SubprocessEnvManager._take_step": {
                                    "total": 117.5748512999958,
                                    "count": 19000,