{
    "name": "root",
    "gauges": {
        "SoccerTwos.Policy.Entropy.mean": {
            "value": 3.116605758666992,
            "min": 3.015669822692871,
            "max": 3.295666217803955,
            "count": 295
        },
        "SoccerTwos.Policy.Entropy.sum": {
            "value": 32612.162109375,
            "min": 23708.6328125,
            "max": 106154.0,
            "count": 295
        },
        "SoccerTwos.Environment.EpisodeLength.mean": {
            "value": 688.3333333333334,
            "min": 228.95454545454547,
            "max": 999.0,
            "count": 295
        },
        "SoccerTwos.Environment.EpisodeLength.sum": {
            "value": 16520.0,
            "min": 16408.0,
            "max": 23792.0,
            "count": 295
        },
        "SoccerTwos.Self-play.ELO.mean": {
            "value": 1230.0720613935687,
            "min": 1179.0672130901737,
            "max": 1232.08491357216,
            "count": 294
        },
        "SoccerTwos.Self-play.ELO.sum": {
            "value": 12300.720613935686,
            "min": 2359.423291443098,
            "max": 52419.55884737847,
            "count": 294
        },
        "SoccerTwos.Step.mean": {
            "value": 2949416.0,
            "min": 9954.0,
            "max": 2949416.0,
            "count": 295
        },
        "SoccerTwos.Step.sum": {
            "value": 2949416.0,
            "min": 9954.0,
            "max": 2949416.0,
            "count": 295
        },
        "SoccerTwos.Policy.ExtrinsicBaselineEstimate.mean": {
            "value": -0.018676580861210823,
            "min": -0.06292806565761566,
            "max": 0.02534852921962738,
            "count": 295
        },
        "SoccerTwos.Policy.ExtrinsicBaselineEstimate.sum": {
            "value": -0.24279554188251495,
            "min": -1.447345495223999,
            "max": 0.5119836926460266,
            "count": 295
        },
        "SoccerTwos.Policy.ExtrinsicValueEstimate.mean": {
            "value": -0.01875515654683113,
            "min": -0.06952276825904846,
            "max": 0.022715119644999504,
            "count": 295
        },
        "SoccerTwos.Policy.ExtrinsicValueEstimate.sum": {
            "value": -0.2438170313835144,
            "min": -1.529500961303711,
            "max": 0.5529353022575378,
            "count": 295
        },
        "SoccerTwos.Environment.CumulativeReward.mean": {
            "value": 0.05815385396663959,
            "min": -0.09089091691103848,
            "max": 0.09090910174629906,
            "count": 295
        },
        "SoccerTwos.Environment.CumulativeReward.sum": {
            "value": 0.7560001015663147,
            "min": -1.0000001192092896,
            "max": 1.0000001192092896,
            "count": 295
        },
        "SoccerTwos.Policy.ExtrinsicReward.mean": {
            "value": -0.3680307693206347,
            "min": -0.7333333333333333,
            "max": 0.49621999859809873,
            "count": 295
        },
        "SoccerTwos.Policy.ExtrinsicReward.sum": {
            "value": -4.784400001168251,
            "min": -28.62399995326996,
            "max": 9.924399971961975,
            "count": 295
        },
        "SoccerTwos.Environment.GroupCumulativeReward.mean": {
            "value": -0.3680307693206347,
            "min": -0.7333333333333333,
            "max": 0.49621999859809873,
            "count": 295
        },
        "SoccerTwos.Environment.GroupCumulativeReward.sum": {
            "value": -4.784400001168251,
            "min": -28.62399995326996,
            "max": 9.924399971961975,
            "count": 295
        },
        "SoccerTwos.IsTraining.mean": {
            "value": 1.0,
            "min": 1.0,
            "max": 1.0,
            "count": 295
        },
        "SoccerTwos.IsTraining.sum": {
            "value": 1.0,
            "min": 1.0,
            "max": 1.0,
            "count": 295
        },
        "SoccerTwos.Losses.PolicyLoss.mean": {
            "value": 0.016825963550945743,
            "min": 0.011691083501015479,
            "max": 0.022835200334278247,
            "count": 138
        },
        "SoccerTwos.Losses.PolicyLoss.sum": {
            "value": 0.016825963550945743,
            "min": 0.011691083501015479,
            "max": 0.022835200334278247,
            "count": 138
        },
        "SoccerTwos.Losses.ValueLoss.mean": {
            "value": 0.005059387263221045,
            "min": 0.00043481901375344025,
            "max": 0.020185875644286474,
            "count": 138
        },
        "SoccerTwos.Losses.ValueLoss.sum": {
            "value": 0.005059387263221045,
            "min": 0.00043481901375344025,
            "max": 0.020185875644286474,
            "count": 138
        },
        "SoccerTwos.Losses.BaselineLoss.mean": {
            "value": 0.005063365586102009,
            "min": 0.0004263513706973754,
            "max": 0.01983681134879589,
            "count": 138
        },
        "SoccerTwos.Losses.BaselineLoss.sum": {
            "value": 0.005063365586102009,
            "min": 0.0004263513706973754,
            "max": 0.01983681134879589,
            "count": 138
        },
        "SoccerTwos.Policy.LearningRate.mean": {
            "value": 0.0003,
            "min": 0.0003,
            "max": 0.0003,
            "count": 138
        },
        "SoccerTwos.Policy.LearningRate.sum": {
            "value": 0.0003,
            "min": 0.0003,
            "max": 0.0003,
            "count": 138
        },
        "SoccerTwos.Policy.Epsilon.mean": {
            "value": 0.20000000000000007,
            "min": 0.20000000000000007,
            "max": 0.20000000000000007,
            "count": 138
        },
        "SoccerTwos.Policy.Epsilon.sum": {
            "value": 0.20000000000000007,
            "min": 0.20000000000000007,
            "max": 0.20000000000000007,
            "count": 138
        },
        "SoccerTwos.Policy.Beta.mean": {
            "value": 0.005000000000000001,
            "min": 0.005000000000000001,
            "max": 0.005000000000000001,
            "count": 138
        },
        "SoccerTwos.Policy.Beta.sum": {
            "value": 0.005000000000000001,
            "min": 0.005000000000000001,
            "max": 0.005000000000000001,
            "count": 138
        }
    },
    "metadata": {
        "timer_format_version": "0.1.0",
        "start_time_seconds": "1727604968",
        "python_version": "3.8.19 (default, Mar 20 2024, 19:55:45) [MSC v.1916 64 bit (AMD64)]",
        "command_line_arguments": "C:\\Users\\lior1\\anaconda3\\envs\\mlagents\\Scripts\\mlagents-learn SoccerTwos.yaml --run-id=s2s_001",
        "mlagents_version": "0.28.0",
        "mlagents_envs_version": "0.28.0",
        "communication_protocol_version": "1.5.0",
        "pytorch_version": "1.10.0+cpu",
        "numpy_version": "1.19.5",
        "end_time_seconds": "1727613800"
    },
    "total": 8831.5169437,
    "count": 1,
    "self": 0.007832700001017656,
    "children": {
        "run_training.setup": {
            "total": 0.0948853999999999,
            "count": 1,
            "self": 0.0948853999999999
        },
        "TrainerController.start_learning": {
            "total": 8831.4142256,
            "count": 1,
            "self": 4.144536099931429,
            "children": {
                "TrainerController._reset_env": {
                    "total": 11.777798799999605,
                    "count": 15,
                    "self": 11.777798799999605
                },
                "TrainerController.advance": {
                    "total": 8815.12542290007,
                    "count": 192040,
                    "self": 4.06083119986215,
                    "children": {
                        "env_step": {
                            "total": 3298.7062099999894,
                            "count": 192040,
                            "self": 2720.2474864997353,