{
    "name": "root",
    "gauges": {
        "SoccerTwos.Policy.Entropy.mean": {
            "value": 3.268692970275879,
            "min": 3.268692970275879,
            "max": 3.268692970275879,
            "count": 1
        },
        "SoccerTwos.Policy.Entropy.sum": {
            "value": 13074.771484375,
            "min": 13074.771484375,
            "max": 13074.771484375,
            "count": 1
        },
        "SoccerTwos.Step.mean": {
            "value": 29722.0,
            "min": 29722.0,
            "max": 29722.0,
            "count": 1
        },
        "SoccerTwos.Step.sum": {
            "value": 29722.0,
            "min": 29722.0,
            "max": 29722.0,
            "count": 1
        },
        "SoccerTwos.Policy.ExtrinsicBaselineEstimate.mean": {
            "value": -0.017291631549596786,
            "min": -0.017291631549596786,
            "max": -0.017291631549596786,
            "count": 1
        },
        "SoccerTwos.Policy.ExtrinsicBaselineEstimate.sum": {
            "value": -0.03458326309919357,
            "min": -0.03458326309919357,
            "max": -0.03458326309919357,
            "count": 1
        },
        "SoccerTwos.Policy.ExtrinsicValueEstimate.mean": {
            "value": -0.021615032106637955,
            "min": -0.021615032106637955,
            "max": -0.021615032106637955,
            "count": 1
        },
        "SoccerTwos.Policy.ExtrinsicValueEstimate.sum": {
            "value": -0.04323006421327591,
            "min": -0.04323006421327591,
            "max": -0.04323006421327591,
            "count": 1
        },
        "SoccerTwos.Environment.EpisodeLength.mean": {
            "value": 999.0,
            "min": 999.0,
            "max": 999.0,
            "count": 1
        },
        "SoccerTwos.Environment.EpisodeLength.sum": {
            "value": 3996.0,
            "min": 3996.0,
            "max": 3996.0,
            "count": 1
        },
        "SoccerTwos.IsTraining.mean": {
            "value": 1.0,
            "min": 1.0,
            "max": 1.0,
            "count": 1
        },
        "SoccerTwos.IsTraining.sum": {
            "value": 1.0,
            "min": 1.0,
            "max": 1.0,
            "count": 1
        }
    },
    "metadata": {
        "timer_format_version": "0.1.0",
        "start_time_seconds": "1733113478",
        "python_version": "3.8.19 (default, Mar 20 2024, 19:55:45) [MSC v.1916 64 bit (AMD64)]",
        "command_line_arguments": "C:\\anaconda3\\envs\\mlagents\\Scripts\\mlagents-learn config/poca/SoccerTwos.yaml --run-id=TestRun9 --resume",
        "mlagents_version": "0.28.0",
        "mlagents_envs_version": "0.28.0",
        "communication_protocol_version": "1.5.0",
        "pytorch_version": "1.10.0+cpu",
        "numpy_version": "1.19.5",
        "end_time_seconds": "1733113536"
    },
    "total": 57.644089,
    "count": 1,
    "self": 0.016935200000006034,
    "children": {
        "run_training.setup": {
            "total": 0.1321363000000002,
            "count": 1,
            "self": 0.1321363000000002
        },
        "TrainerController.start_learning": {
            "total": 57.495017499999996,
            "count": 1,
            "self": 0.05567799999992218,
            "children": {
                "TrainerController._reset_env": {
                    "total": 8.3880118,
                    "count": 1,
                    "self": 8.3880118
                },
                "TrainerController.advance": {
                    "total": 48.48523900000008,
                    "count": 1497,
                    "self": 0.05352900000005434,
                    "children": {
                        "env_step": {
                            "total": 47.16977259999997,
                            "count": 1497,
                            "self": 38.26259320000006,
                            "children": {
                                "SubprocessEnvManager._take_step": {
                                    "total": 8.873119899999985,
                                    "count": 1497,
                                    "self": 0.29180460000005226,
                                    "children": {
                                        "TorchPolicy.evaluate": {
                                            "total": 8.581315299999932,
                                            "count": 2994,
                                            "self": 1.2858263000000214,
                                            "children": {
                                                "TorchPolicy.sample_actions": {
                                                    "total": 7.295488999999911,
                                                    "count": 2994,
                                                    "self": 7.295488999999911
                                                }
                                            }
                                        }
                                    }
                                },
                                "workers": {
                                    "total": 0.03405949999992508,
                                    "count": 1496,
                                    "self": 0.0,
                                    "children": {
                                        "worker_root": {
                                            "total": 49.26186610000011,
                                            "count": 1496,
                                            "is_parallel": true,
                                            "self": 14.292140400000143,
                                            "children": {
                                                "steps_from_proto": {
                                                    "total": 0.005818800000000124,
                                                    "count": 2,
                                                    "is_parallel": true,
                                                    "self": 0.002225400000000377,
                                                    "children": {
                                                        "_process_rank_one_or_two_observation": {
                                                            "total": 0.003593399999999747,
                                                            "count": 8,
                                                            "is_parallel": true,
                                                            "self": 0.003593399999999747
                                                        }
                                                    }
                                                },
                                                "UnityEnvironment.step": {
                                                    "total": 34.96390689999997,
                                                    "count": 1496,
                                                    "is_parallel": true,
                                                    "self": 0.39868849999982814,
                                                    "children": {
                                                        "UnityEnvironment._generate_step_input": {
                                                            "total": 0.2826855000000119,
                                                            "count": 1496,
                                                            "is_parallel": true,
                                                            "self": 0.2826855000000119
                                                        },
                                                        "communicator.exchange": {
                                                            "total": 31.97613720000018,
                                                            "count": 1496,
                                                            "is_parallel": true,