{
    "name": "root",
    "gauges": {
        "SoccerTwos.Policy.Entropy.mean": {
            "value": 3.2777581214904785,
            "min": 3.2777581214904785,
            "max": 3.29557466506958,
            "count": 3
        },
        "SoccerTwos.Policy.Entropy.sum": {
            "value": 67862.703125,
            "min": 67203.359375,
            "max": 68082.203125,
            "count": 3
        },
        "SoccerTwos.Environment.EpisodeLength.mean": {
            "value": 861.6666666666666,
            "min": 565.4444444444445,
            "max": 861.6666666666666,
            "count": 3
        },
        "SoccerTwos.Environment.EpisodeLength.sum": {
            "value": 20680.0,
            "min": 20356.0,
            "max": 20680.0,
            "count": 3
        },
        "SoccerTwos.Self-play.ELO.mean": {
            "value": 1201.210654977176,
            "min": 1201.210654977176,
            "max": 1201.9684253494117,
            "count": 3
        },
        "SoccerTwos.Self-play.ELO.sum": {
            "value": 2402.421309954352,
            "min": 2402.421309954352,
            "max": 16818.907615176584,
            "count": 3
        },
        "SoccerTwos.Step.mean": {
            "value": 29896.0,
            "min": 9696.0,
            "max": 29896.0,
            "count": 3
        },
        "SoccerTwos.Step.sum": {
            "value": 29896.0,
            "min": 9696.0,
            "max": 29896.0,
            "count": 3
        },
        "SoccerTwos.Policy.ExtrinsicBaselineEstimate.mean": {
            "value": -0.025044051930308342,
            "min": -0.07303746789693832,
            "max": -0.025044051930308342,
            "count": 3
        },
        "SoccerTwos.Policy.ExtrinsicBaselineEstimate.sum": {
            "value": -0.550969123840332,
            "min": -1.6960203647613525,
            "max": -0.550969123840332,
            "count": 3
        },
        "SoccerTwos.Policy.ExtrinsicValueEstimate.mean": {
            "value": -0.023708892986178398,
            "min": -0.07445012778043747,
            "max": -0.023708892986178398,
            "count": 3
        },
        "SoccerTwos.Policy.ExtrinsicValueEstimate.sum": {
            "value": -0.5215956568717957,
            "min": -1.712352991104126,
            "max": -0.5215956568717957,
            "count": 3
        },
        "SoccerTwos.Environment.CumulativeReward.mean": {
            "value": 0.0,
            "min": 0.0,
            "max": 0.38189095665108075,
            "count": 3
        },
        "SoccerTwos.Environment.CumulativeReward.sum": {
            "value": 0.0,
            "min": 0.0,
            "max": 4.200800523161888,
            "count": 3
        },
        "SoccerTwos.Policy.ExtrinsicReward.mean": {
            "value": -0.08333333333333333,
            "min": -0.08333333333333333,
            "max": 1.0818181742321362,
            "count": 3
        },
        "SoccerTwos.Policy.ExtrinsicReward.sum": {
            "value": -1.0,
            "min": -1.0,
            "max": 11.899999916553497,
            "count": 3
        },
        "SoccerTwos.Environment.GroupCumulativeReward.mean": {
            "value": -0.08333333333333333,
            "min": -0.08333333333333333,
            "max": 0.36363636363636365,
            "count": 3
        },
        "SoccerTwos.Environment.GroupCumulativeReward.sum": {
            "value": -1.0,
            "min": -1.0,
            "max": 5.0,
            "count": 3
        },
        "SoccerTwos.IsTraining.mean": {
            "value": 1.0,
            "min": 1.0,
            "max": 1.0,
            "count": 3
        },
        "SoccerTwos.IsTraining.sum": {
            "value": 1.0,
            "min": 1.0,
            "max": 1.0,
            "count": 3
        },
        "SoccerTwos.Losses.PolicyLoss.mean": {
            "value": 0.024849181641669323,
            "min": 0.02407292485634874,
            "max": 0.024849181641669323,
            "count": 2
        },
        "SoccerTwos.Losses.PolicyLoss.sum": {
            "value": 0.024849181641669323,
            "min": 0.02407292485634874,
            "max": 0.024849181641669323,
            "count": 2
        },
        "SoccerTwos.Losses.ValueLoss.mean": {
            "value": 0.004290418788635482,
            "min": 0.004290418788635482,
            "max": 0.01379491537809372,
            "count": 2
        },
        "SoccerTwos.Losses.ValueLoss.sum": {
            "value": 0.004290418788635482,
            "min": 0.004290418788635482,
            "max": 0.01379491537809372,
            "count": 2
        },
        "SoccerTwos.Losses.BaselineLoss.mean": {
            "value": 0.00590739407731841,
            "min": 0.00590739407731841,
            "max": 0.014301302625487249,
            "count": 2
        },
        "SoccerTwos.Losses.BaselineLoss.sum": {
            "value": 0.00590739407731841,
            "min": 0.00590739407731841,
            "max": 0.014301302625487249,
            "count": 2
        },
        "SoccerTwos.Policy.LearningRate.mean": {
            "value": 0.0003,
            "min": 0.0003,
            "max": 0.0003,
            "count": 2
        },
        "SoccerTwos.Policy.LearningRate.sum": {
            "value": 0.0003,
            "min": 0.0003,
            "max": 0.0003,
            "count": 2
        },
        "SoccerTwos.Policy.Epsilon.mean": {
            "value": 0.20000000000000007,
            "min": 0.20000000000000007,
            "max": 0.20000000000000007,
            "count": 2
        },
        "SoccerTwos.Policy.Epsilon.sum": {
            "value": 0.20000000000000007,
            "min": 0.20000000000000007,
            "max": 0.20000000000000007,
            "count": 2
        },
        "SoccerTwos.Policy.Beta.mean": {
            "value": 0.005000000000000001,
            "min": 0.005000000000000001,
            "max": 0.005000000000000001,
            "count": 2
        },
        "SoccerTwos.Policy.Beta.sum": {
            "value": 0.005000000000000001,
            "min": 0.005000000000000001,
            "max": 0.005000000000000001,
            "count": 2
        }
    },
    "metadata": {
        "timer_format_version": "0.1.0",
        "start_time_seconds": "1733105070",
        "python_version": "3.8.19 (default, Mar 20 2024, 19:55:45) [MSC v.1916 64 bit (AMD64)]",
        "command_line_arguments": "C:\\anaconda3\\envs\\mlagents\\Scripts\\mlagents-learn config/poca/SoccerTwos.yaml --run-id=TestRun4 --train",
        "mlagents_version": "0.28.0",
        "mlagents_envs_version": "0.28.0",
        "communication_protocol_version": "1.5.0",
        "pytorch_version": "1.10.0+cpu",
        "numpy_version": "1.19.5",
        "end_time_seconds": "1733105557"
    },
    "total": 487.70014399999997,
    "count": 1,
    "self": 0.02716759999992746,
    "children": {
        "run_training.setup": {
            "total": 0.14209340000000026,
            "count": 1,
            "self": 0.14209340000000026
        },
        "TrainerController.start_learning": {
            "total": 487.530883,
            "count": 1,
            "self": 0.6979909999986376,
            "children": {
                "TrainerController._reset_env": {
                    "total": 8.4432862,
                    "count": 1,
                    "self": 8.4432862
                },
                "TrainerController.advance": {
                    "total": 477.5034056000014,
                    "count": 17636,
                    "self": 0.6733665000019187,
                    "children": {
                        "env_step": {
                            "total": 375.7436006999989,
                            "count": 17636,
                            "self": 262.3049549999976,
                            "children": {
                                "SubprocessEnvManager._take_step": {
                                    "total": 112.99716920000111,
                                    "count": 17636,