{
    "name": "root",
    "metadata": {
        "timer_format_version": "0.1.0",
        "start_time_seconds": "1733112054",
        "python_version": "3.8.19 (default, Mar 20 2024, 19:55:45) [MSC v.1916 64 bit (AMD64)]",
        "command_line_arguments": "C:\\anaconda3\\envs\\mlagents\\Scripts\\mlagents-learn config/poca/SoccerTwos.yaml --run-id=TestRun8 --train",
        "mlagents_version": "0.28.0",
        "mlagents_envs_version": "0.28.0",
        "communication_protocol_version": "1.5.0",
        "pytorch_version": "1.10.0+cpu",
        "numpy_version": "1.19.5",
        "end_time_seconds": "1733112097"
    },
    "total": 42.7648649,
    "count": 1,
    "self": 0.026447799999999688,
    "children": {
        "run_training.setup": {
            "total": 0.1313974,
            "count": 1,
            "self": 0.1313974
        },
        "TrainerController.start_learning": {
            "total": 42.6070197,
            "count": 1,
            "self": 0.0569729000001189,
            "children": {
                "TrainerController._reset_env": {
                    "total": 9.3640433,
                    "count": 1,
                    "self": 9.3640433
                },
                "TrainerController.advance": {
                    "total": 32.610363999999876,
                    "count": 1612,
                    "self": 0.05387630000008414,
                    "children": {
                        "env_step": {
                            "total": 30.779024199999935,
                            "count": 1612,
                            "self": 21.842585899999932,
                            "children": {
                                "SubprocessEnvManager._take_step": {
                                    "total": 8.901841499999955,
                                    "count": 1612,
                                    "self": 0.2688136999998978,
                                    "children": {
                                        "TorchPolicy.evaluate": {
                                            "total": 8.633027800000058,
                                            "count": 3223,
                                            "self": 1.2590066000002675,
                                            "children": {
                                                "TorchPolicy.sample_actions": {
                                                    "total": 7.37402119999979,
                                                    "count": 3223,
                                                    "self": 7.37402119999979
                                                }
                                            }
                                        }
                                    }
                                },
                                "workers": {
                                    "total": 0.03459680000004717,
                                    "count": 1611,
                                    "self": 0.0,
                                    "children": {
                                        "worker_root": {
                                            "total": 33.92437520000006,
                                            "count": 1611,
                                            "is_parallel": true,
                                            "self": 15.398199800000075,
                                            "children": {
                                                "steps_from_proto": {
                                                    "total": 0.005341200000000157,
                                                    "count": 2,
                                                    "is_parallel": true,
                                                    "self": 0.0020153999999994454,
                                                    "children": {
                                                        "_process_rank_one_or_two_observation": {
                                                            "total": 0.0033258000000007115,
                                                            "count": 8,
                                                            "is_parallel": true,
                                                            "self": 0.0033258000000007115
                                                        }
                                                    }
                                                },
                                                "UnityEnvironment.step": {
                                                    "total": 18.52083419999998,
                                                    "count": 1611,
                                                    "is_parallel": true,
                                                    "self": 0.40104709999985033,
                                                    "children": {
                                                        "UnityEnvironment._generate_step_input": {
                                                            "total": 0.30229659999997693,
                                                            "count": 1611,
                                                            "is_parallel": true,
                                                            "self": 0.30229659999997693
                                                        },
                                                        "communicator.exchange": {
                                                            "total": 15.47420100000012,
                                                            "count": 1611,
                                                            "is_parallel": true,
                                                            "self": 15.47420100000012
                                                        },
                                                        "steps_from_proto": {
                                                            "total": 2.3432895000000347,
                                                            "count": 3222,
                                                            "is_parallel": true,
                                                            "self": 0.8611502999999381,
                                                            "children": {
                                                                "_process_rank_one_or_two_observation": {
                                                                    "total": 1.4821392000000966,
                                                                    "count": 12888,
                                                                    "is_parallel": true,
                                                                    "self": 1.4821392000000966
                                                                }
                                                            }
                                                        }
                                                    }
                                                }
                                            }
                                        }
                                    }
                                }
                            }
                        },
                        "trainer_advance": {
                            "total": 1.7774634999998593,
                            "count": 1611,
                            "self": 0.15034699999989165,
                            "children": {
                                "process_trajectory": {
                                    "total": 1.6271164999999677,
                                    "count": 1611,
                                    "self": 1.6271164999999677
                                }
                            }
                        }
                    }
                },