{
    "name": "root",
    "metadata": {
        "timer_format_version": "0.1.0",
        "start_time_seconds": "1733144023",
        "python_version": "3.8.19 (default, Mar 20 2024, 19:55:45) [MSC v.1916 64 bit (AMD64)]",
        "command_line_arguments": "C:\\anaconda3\\envs\\mlagents\\Scripts\\mlagents-learn config/poca/SoccerTwos.yaml --run-id=TestRun11 --train",
        "mlagents_version": "0.28.0",
        "mlagents_envs_version": "0.28.0",
        "communication_protocol_version": "1.5.0",
        "pytorch_version": "1.10.0+cpu",
        "numpy_version": "1.19.5",
        "end_time_seconds": "1733144039"
    },
    "total": 15.3135141,
    "count": 1,
    "self": 0.012234000000001188,
    "children": {
        "run_training.setup": {
            "total": 0.11005320000000007,
            "count": 1,
            "self": 0.11005320000000007
        },
        "TrainerController.start_learning": {
            "total": 15.1912269,
            "count": 1,
            "self": 0.013670300000020674,
            "children": {
                "TrainerController._reset_env": {
                    "total": 6.7837193,
                    "count": 1,
                    "self": 6.7837193
                },
                "TrainerController.advance": {
                    "total": 8.073752599999981,
                    "count": 467,
                    "self": 0.012695300000009624,
                    "children": {
                        "env_step": {
                            "total": 8.033582600000004,
                            "count": 467,
                            "self": 5.87499719999999,
                            "children": {
                                "SubprocessEnvManager._take_step": {
                                    "total": 2.1503596000000123,
                                    "count": 467,
                                    "self": 0.0651992000000039,
                                    "children": {
                                        "TorchPolicy.evaluate": {
                                            "total": 2.0851604000000084,
                                            "count": 933,
                                            "self": 0.3072272999999939,
                                            "children": {
                                                "TorchPolicy.sample_actions": {
                                                    "total": 1.7779331000000145,
                                                    "count": 933,
                                                    "self": 1.7779331000000145
                                                }
                                            }
                                        }
                                    }
                                },
                                "workers": {
                                    "total": 0.008225800000001726,
                                    "count": 466,
                                    "self": 0.0,
                                    "children": {
                                        "worker_root": {
                                            "total": 8.341822200000019,
                                            "count": 466,
                                            "is_parallel": true,
                                            "self": 3.2656687000000293,
                                            "children": {
                                                "steps_from_proto": {
                                                    "total": 0.000964299999999696,
                                                    "count": 2,
                                                    "is_parallel": true,
                                                    "self": 0.0003897999999988855,
                                                    "children": {
                                                        "_process_rank_one_or_two_observation": {
                                                            "total": 0.0005745000000008105,
                                                            "count": 8,
                                                            "is_parallel": true,
                                                            "self": 0.0005745000000008105
                                                        }
                                                    }
                                                },
                                                "UnityEnvironment.step": {
                                                    "total": 5.07518919999999,
                                                    "count": 466,
                                                    "is_parallel": true,
                                                    "self": 0.09771189999996377,
                                                    "children": {
                                                        "UnityEnvironment._generate_step_input": {
                                                            "total": 0.07825979999998545,
                                                            "count": 466,
                                                            "is_parallel": true,
                                                            "self": 0.07825979999998545
                                                        },
                                                        "communicator.exchange": {
                                                            "total": 4.338501600000006,
                                                            "count": 466,
                                                            "is_parallel": true,
                                                            "self": 4.338501600000006
                                                        },
                                                        "steps_from_proto": {
                                                            "total": 0.5607159000000346,
                                                            "count": 932,
                                                            "is_parallel": true,
                                                            "self": 0.20647170000001136,
                                                            "children": {
                                                                "_process_rank_one_or_two_observation": {
                                                                    "total": 0.3542442000000232,
                                                                    "count": 3728,
                                                                    "is_parallel": true,
                                                                    "self": 0.3542442000000232
                                                                }
                                                            }
                                                        }
                                                    }
                                                }
                                            }
                                        }
                                    }
                                }
                            }
                        },
                        "trainer_advance": {
                            "total": 0.0274746999999671,
                            "count": 466,
                            "self": 0.025493299999974184,
                            "children": {
                                "process_trajectory": {
                                    "total": 0.0019813999999929166,
                                    "count": 466,
                                    "self": 0.0019813999999929166
                                }
                            }
                        }
                    }
                },