{
    "name": "root",
    "gauges": {
        "SoccerTwos.Policy.Entropy.mean": {
            "value": 3.280819892883301,
            "min": 3.280819892883301,
            "max": 3.2954938411712646,
            "count": 3
        },
        "SoccerTwos.Policy.Entropy.sum": {
            "value": 66390.671875,
            "min": 65776.078125,
            "max": 71472.671875,
            "count": 3
        },
        "SoccerTwos.Environment.EpisodeLength.mean": {
            "value": 758.8333333333334,
            "min": 758.8333333333334,
            "max": 999.0,
            "count": 3
        },
        "SoccerTwos.Environment.EpisodeLength.sum": {
            "value": 18212.0,
            "min": 18212.0,
            "max": 21660.0,
            "count": 3
        },
        "SoccerTwos.Self-play.ELO.mean": {
            "value": 1198.8732479568207,
            "min": 1198.8732479568207,
            "max": 1200.4971269630323,
            "count": 2
        },
        "SoccerTwos.Self-play.ELO.sum": {
            "value": 9590.985983654566,
            "min": 4801.988507852129,
            "max": 9590.985983654566,
            "count": 2
        },
        "SoccerTwos.Step.mean": {
            "value": 29962.0,
            "min": 9844.0,
            "max": 29962.0,
            "count": 3
        },
        "SoccerTwos.Step.sum": {
            "value": 29962.0,
            "min": 9844.0,
            "max": 29962.0,
            "count": 3
        },
        "SoccerTwos.Policy.ExtrinsicBaselineEstimate.mean": {
            "value": 0.06197167932987213,
            "min": 0.0005164203466847539,
            "max": 0.06197167932987213,
            "count": 3
        },
        "SoccerTwos.Policy.ExtrinsicBaselineEstimate.sum": {
            "value": 1.611263632774353,
            "min": 0.01032840646803379,
            "max": 1.611263632774353,
            "count": 3
        },
        "SoccerTwos.Policy.ExtrinsicValueEstimate.mean": {
            "value": 0.061668019741773605,
            "min": 0.006576491054147482,
            "max": 0.061668019741773605,
            "count": 3
        },
        "SoccerTwos.Policy.ExtrinsicValueEstimate.sum": {
            "value": 1.6033685207366943,
            "min": 0.1315298229455948,
            "max": 1.6033685207366943,
            "count": 3
        },
        "SoccerTwos.Environment.CumulativeReward.mean": {
            "value": 0.0,
            "min": 0.0,
            "max": 0.0,
            "count": 3
        },
        "SoccerTwos.Environment.CumulativeReward.sum": {
            "value": 0.0,
            "min": 0.0,
            "max": 0.0,
            "count": 3
        },
        "SoccerTwos.Policy.ExtrinsicReward.mean": {
            "value": -0.2857142857142857,
            "min": -0.2857142857142857,
            "max": 0.25,
            "count": 3
        },
        "SoccerTwos.Policy.ExtrinsicReward.sum": {
            "value": -4.0,
            "min": -4.0,
            "max": 3.0,
            "count": 3
        },
        "SoccerTwos.Environment.GroupCumulativeReward.mean": {
            "value": -0.2857142857142857,
            "min": -0.2857142857142857,
            "max": 0.25,
            "count": 3
        },
        "SoccerTwos.Environment.GroupCumulativeReward.sum": {
            "value": -4.0,
            "min": -4.0,
            "max": 3.0,
            "count": 3
        },
        "SoccerTwos.IsTraining.mean": {
            "value": 1.0,
            "min": 1.0,
            "max": 1.0,
            "count": 3
        },
        "SoccerTwos.IsTraining.sum": {
            "value": 1.0,
            "min": 1.0,
            "max": 1.0,
            "count": 3
        },
        "SoccerTwos.Losses.PolicyLoss.mean": {
            "value": 0.025206461366421233,
            "min": 0.025206461366421233,
            "max": 0.025681106916939218,
            "count": 2
        },
        "SoccerTwos.Losses.PolicyLoss.sum": {
            "value": 0.025206461366421233,
            "min": 0.025206461366421233,
            "max": 0.025681106916939218,
            "count": 2
        },
        "SoccerTwos.Losses.ValueLoss.mean": {
            "value": 0.0004350954812252894,
            "min": 0.0004350954812252894,
            "max": 0.005389970447868109,
            "count": 2
        },
        "SoccerTwos.Losses.ValueLoss.sum": {
            "value": 0.0004350954812252894,
            "min": 0.0004350954812252894,
            "max": 0.005389970447868109,
            "count": 2
        },
        "SoccerTwos.Losses.BaselineLoss.mean": {
            "value": 0.0004366717485633368,
            "min": 0.0004366717485633368,
            "max": 0.0061349401754948,
            "count": 2
        },
        "SoccerTwos.Losses.BaselineLoss.sum": {
            "value": 0.0004366717485633368,
            "min": 0.0004366717485633368,
            "max": 0.0061349401754948,
            "count": 2
        },
        "SoccerTwos.Policy.LearningRate.mean": {
            "value": 0.0003,
            "min": 0.0003,
            "max": 0.0003,
            "count": 2
        },
        "SoccerTwos.Policy.LearningRate.sum": {
            "value": 0.0003,
            "min": 0.0003,
            "max": 0.0003,
            "count": 2
        },
        "SoccerTwos.Policy.Epsilon.mean": {
            "value": 0.20000000000000007,
            "min": 0.20000000000000007,
            "max": 0.20000000000000007,
            "count": 2
        },
        "SoccerTwos.Policy.Epsilon.sum": {
            "value": 0.20000000000000007,
            "min": 0.20000000000000007,
            "max": 0.20000000000000007,
            "count": 2
        },
        "SoccerTwos.Policy.Beta.mean": {
            "value": 0.005000000000000001,
            "min": 0.005000000000000001,
            "max": 0.005000000000000001,
            "count": 2
        },
        "SoccerTwos.Policy.Beta.sum": {
            "value": 0.005000000000000001,
            "min": 0.005000000000000001,
            "max": 0.005000000000000001,
            "count": 2
        }
    },
    "metadata": {
        "timer_format_version": "0.1.0",
        "start_time_seconds": "1733174173",
        "python_version": "3.8.19 (default, Mar 20 2024, 19:55:45) [MSC v.1916 64 bit (AMD64)]",
        "command_line_arguments": "C:\\anaconda3\\envs\\mlagents\\Scripts\\mlagents-learn config/poca/SoccerTwos.yaml --run-id=BlockedBallTest3 --train",
        "mlagents_version": "0.28.0",
        "mlagents_envs_version": "0.28.0",
        "communication_protocol_version": "1.5.0",
        "pytorch_version": "1.10.0+cpu",
        "numpy_version": "1.19.5",
        "end_time_seconds": "1733174809"
    },
    "total": 635.7113564,
    "count": 1,
    "self": 0.023030800000015006,
    "children": {
        "run_training.setup": {
            "total": 0.36926470000000045,
            "count": 1,
            "self": 0.36926470000000045
        },
        "TrainerController.start_learning": {
            "total": 635.3190609,
            "count": 1,
            "self": 0.9106543999989754,
            "children": {
                "TrainerController._reset_env": {
                    "total": 11.772816899999999,
                    "count": 1,
                    "self": 11.772816899999999
                },
                "TrainerController.advance": {
                    "total": 621.663099400001,
                    "count": 19032,
                    "self": 0.866273700002921,
                    "children": {
                        "env_step": {
                            "total": 514.9051749999992,
                            "count": 19032,
                            "self": 361.8355251000005,
                            "children": {
                                "SubprocessEnvManager._take_step": {
                                    "total": 152.52090559999766,
                                    "count": 19032,
                                    "self": 4.560937199996971,