{
    "name": "root",
    "gauges": {
        "SoccerTwos.Policy.Entropy.mean": {
            "value": 2.917603015899658,
            "min": 2.903683662414551,
            "max": 3.087324380874634,
            "count": 53
        },
        "SoccerTwos.Policy.Entropy.sum": {
            "value": 58352.05859375,
            "min": 37014.3359375,
            "max": 64871.828125,
            "count": 53
        },
        "SoccerTwos.Step.mean": {
            "value": 2999748.0,
            "min": 2479618.0,
            "max": 2999748.0,
            "count": 53
        },
        "SoccerTwos.Step.sum": {
            "value": 2999748.0,
            "min": 2479618.0,
            "max": 2999748.0,
            "count": 53
        },
        "SoccerTwos.Policy.ExtrinsicBaselineEstimate.mean": {
            "value": 0.08127644658088684,
            "min": 0.011361837387084961,
            "max": 0.11939538270235062,
            "count": 53
        },
        "SoccerTwos.Policy.ExtrinsicBaselineEstimate.sum": {
            "value": 1.6255289316177368,
            "min": 0.27268409729003906,
            "max": 2.74609375,
            "count": 53
        },
        "SoccerTwos.Policy.ExtrinsicValueEstimate.mean": {
            "value": 0.0815369114279747,
            "min": 0.004714795388281345,
            "max": 0.12869246304035187,
            "count": 53
        },
        "SoccerTwos.Policy.ExtrinsicValueEstimate.sum": {
            "value": 1.6307382583618164,
            "min": 0.11315508931875229,
            "max": 2.7202134132385254,
            "count": 53
        },
        "SoccerTwos.Environment.EpisodeLength.mean": {
            "value": 999.0,
            "min": 595.2222222222222,
            "max": 999.0,
            "count": 53
        },
        "SoccerTwos.Environment.EpisodeLength.sum": {
            "value": 19980.0,
            "min": 11984.0,
            "max": 23572.0,
            "count": 53
        },
        "SoccerTwos.Environment.CumulativeReward.mean": {
            "value": 0.29999997913837434,
            "min": -0.04998462819136106,
            "max": 0.47725453160025855,
            "count": 53
        },
        "SoccerTwos.Environment.CumulativeReward.sum": {
            "value": 2.9999997913837433,
            "min": -0.6498001664876938,
            "max": 6.049199935048819,
            "count": 53
        },
        "SoccerTwos.Policy.ExtrinsicReward.mean": {
            "value": 0.6000000178813935,
            "min": -0.17692307554758513,
            "max": 1.7000000327825546,
            "count": 53
        },
        "SoccerTwos.Policy.ExtrinsicReward.sum": {
            "value": 6.000000178813934,
            "min": -2.2999999821186066,
            "max": 20.400000393390656,
            "count": 53
        },
        "SoccerTwos.Environment.GroupCumulativeReward.mean": {
            "value": 0.0,
            "min": -0.3333333333333333,
            "max": 1.0666666666666667,
            "count": 53
        },
        "SoccerTwos.Environment.GroupCumulativeReward.sum": {
            "value": 0.0,
            "min": -4.0,
            "max": 16.0,
            "count": 53
        },
        "SoccerTwos.IsTraining.mean": {
            "value": 1.0,
            "min": 1.0,
            "max": 1.0,
            "count": 53
        },
        "SoccerTwos.IsTraining.sum": {
            "value": 1.0,
            "min": 1.0,
            "max": 1.0,
            "count": 53
        },
        "SoccerTwos.Self-play.ELO.mean": {
            "value": 1205.3031870747427,
            "min": 1200.2484902891858,
            "max": 1206.0833549448898,
            "count": 43
        },
        "SoccerTwos.Self-play.ELO.sum": {
            "value": 7231.819122448456,
            "min": 2400.4969805783717,
            "max": 12033.176103866237,
            "count": 43
        },
        "SoccerTwos.Losses.PolicyLoss.mean": {
            "value": 0.027980998228304087,
            "min": 0.017856974152770513,
            "max": 0.02971766737367337,
            "count": 48
        },
        "SoccerTwos.Losses.PolicyLoss.sum": {
            "value": 0.027980998228304087,
            "min": 0.017856974152770513,
            "max": 0.02971766737367337,
            "count": 48
        },
        "SoccerTwos.Losses.ValueLoss.mean": {
            "value": 0.012514341762289405,
            "min": 0.00012676986783238437,
            "max": 0.02435341930637757,
            "count": 48
        },
        "SoccerTwos.Losses.ValueLoss.sum": {
            "value": 0.012514341762289405,
            "min": 0.00012676986783238437,
            "max": 0.02435341930637757,
            "count": 48
        },
        "SoccerTwos.Losses.BaselineLoss.mean": {
            "value": 0.012729698217784365,
            "min": 0.0001291077581602925,
            "max": 0.028109194089968998,
            "count": 48
        },
        "SoccerTwos.Losses.BaselineLoss.sum": {
            "value": 0.012729698217784365,
            "min": 0.0001291077581602925,
            "max": 0.028109194089968998,
            "count": 48
        },
        "SoccerTwos.Policy.LearningRate.mean": {
            "value": 0.0003,
            "min": 0.0003,
            "max": 0.0003,
            "count": 48
        },
        "SoccerTwos.Policy.LearningRate.sum": {
            "value": 0.0003,
            "min": 0.0003,
            "max": 0.0003,
            "count": 48
        },
        "SoccerTwos.Policy.Epsilon.mean": {
            "value": 0.20000000000000007,
            "min": 0.20000000000000007,
            "max": 0.20000000000000007,
            "count": 48
        },
        "SoccerTwos.Policy.Epsilon.sum": {
            "value": 0.20000000000000007,
            "min": 0.20000000000000007,
            "max": 0.20000000000000007,
            "count": 48
        },
        "SoccerTwos.Policy.Beta.mean": {
            "value": 0.005000000000000001,
            "min": 0.005000000000000001,
            "max": 0.005000000000000001,
            "count": 48
        },
        "SoccerTwos.Policy.Beta.sum": {
            "value": 0.005000000000000001,
            "min": 0.005000000000000001,
            "max": 0.005000000000000001,
            "count": 48
        }
    },
    "metadata": {
        "timer_format_version": "0.1.0",
        "start_time_seconds": "1733249946",
        "python_version": "3.8.19 (default, Mar 20 2024, 19:55:45) [MSC v.1916 64 bit (AMD64)]",
        "command_line_arguments": "C:\\anaconda3\\envs\\mlagents\\Scripts\\mlagents-learn config/poca/SoccerTwos.yaml --run-id=CompletedRewardSystem --resume",
        "mlagents_version": "0.28.0",
        "mlagents_envs_version": "0.28.0",
        "communication_protocol_version": "1.5.0",
        "pytorch_version": "1.10.0+cpu",
        "numpy_version": "1.19.5",
        "end_time_seconds": "1733257946"
    },
    "total": 7999.942715900001,
    "count": 1,
    "self": 0.11962420000054408,
    "children": {
        "run_training.setup": {
            "total": 0.6995715000000002,
            "count": 1,
            "self": 0.6995715000000002
        },
        "TrainerController.start_learning": {
            "total": 7999.1235202,
            "count": 1,
            "self": 10.961992600400663,
            "children": {
                "TrainerController._reset_env": {
                    "total": 58.2269354000001,
                    "count": 4,
                    "self": 58.2269354000001
                },
                "TrainerController.advance": {
                    "total": 7929.487841099599,
                    "count": 263341,
                    "self": 11.240424799672837,
                    "children": {
                        "env_step": {
                            "total": 5889.800459900016,
                            "count": 263341,
                            "self": 4135.662351900044,