{
    "name": "root",
    "gauges": {
        "SoccerTwos.Policy.Entropy.mean": {
            "value": 2.95890212059021,
            "min": 2.95890212059021,
            "max": 2.965308427810669,
            "count": 2
        },
        "SoccerTwos.Policy.Entropy.sum": {
            "value": 59367.41015625,
            "min": 59367.41015625,
            "max": 59709.44921875,
            "count": 2
        },
        "SoccerTwos.Step.mean": {
            "value": 2019642.0,
            "min": 2009610.0,
            "max": 2019642.0,
            "count": 2
        },
        "SoccerTwos.Step.sum": {
            "value": 2019642.0,
            "min": 2009610.0,
            "max": 2019642.0,
            "count": 2
        },
        "SoccerTwos.Policy.ExtrinsicBaselineEstimate.mean": {
            "value": 0.07353684306144714,
            "min": 0.05099758505821228,
            "max": 0.07353684306144714,
            "count": 2
        },
        "SoccerTwos.Policy.ExtrinsicBaselineEstimate.sum": {
            "value": 1.617810606956482,
            "min": 1.0199517011642456,
            "max": 1.617810606956482,
            "count": 2
        },
        "SoccerTwos.Policy.ExtrinsicValueEstimate.mean": {
            "value": 0.07399926334619522,
            "min": 0.04837731271982193,
            "max": 0.07399926334619522,
            "count": 2
        },
        "SoccerTwos.Policy.ExtrinsicValueEstimate.sum": {
            "value": 1.627983808517456,
            "min": 0.9675462245941162,
            "max": 1.627983808517456,
            "count": 2
        },
        "SoccerTwos.Environment.EpisodeLength.mean": {
            "value": 918.3333333333334,
            "min": 905.6,
            "max": 918.3333333333334,
            "count": 2
        },
        "SoccerTwos.Environment.EpisodeLength.sum": {
            "value": 22040.0,
            "min": 18112.0,
            "max": 22040.0,
            "count": 2
        },
        "SoccerTwos.Environment.CumulativeReward.mean": {
            "value": 0.12999999411404134,
            "min": 0.12999999411404134,
            "max": 0.3949999924749136,
            "count": 2
        },
        "SoccerTwos.Environment.CumulativeReward.sum": {
            "value": 1.2999999411404133,
            "min": 1.2999999411404133,
            "max": 3.949999924749136,
            "count": 2
        },
        "SoccerTwos.Policy.ExtrinsicReward.mean": {
            "value": 0.16000001430511473,
            "min": 0.16000001430511473,
            "max": 0.9900000140070915,
            "count": 2
        },
        "SoccerTwos.Policy.ExtrinsicReward.sum": {
            "value": 1.6000001430511475,
            "min": 1.6000001430511475,
            "max": 9.900000140070915,
            "count": 2
        },
        "SoccerTwos.Environment.GroupCumulativeReward.mean": {
            "value": -0.1,
            "min": -0.1,
            "max": 0.2,
            "count": 2
        },
        "SoccerTwos.Environment.GroupCumulativeReward.sum": {
            "value": -1.0,
            "min": -1.0,
            "max": 2.0,
            "count": 2
        },
        "SoccerTwos.Self-play.ELO.mean": {
            "value": 1208.8520509005434,
            "min": 1208.602770456398,
            "max": 1208.8520509005434,
            "count": 2
        },
        "SoccerTwos.Self-play.ELO.sum": {
            "value": 2417.704101801087,
            "min": 2417.205540912796,
            "max": 2417.704101801087,
            "count": 2
        },
        "SoccerTwos.IsTraining.mean": {
            "value": 1.0,
            "min": 1.0,
            "max": 1.0,
            "count": 2
        },
        "SoccerTwos.IsTraining.sum": {
            "value": 1.0,
            "min": 1.0,
            "max": 1.0,
            "count": 2
        },
        "SoccerTwos.Losses.PolicyLoss.mean": {
            "value": 0.026029068331505794,
            "min": 0.026029068331505794,
            "max": 0.026029068331505794,
            "count": 1
        },
        "SoccerTwos.Losses.PolicyLoss.sum": {
            "value": 0.026029068331505794,
            "min": 0.026029068331505794,
            "max": 0.026029068331505794,
            "count": 1
        },
        "SoccerTwos.Losses.ValueLoss.mean": {
            "value": 0.00167669210738192,
            "min": 0.00167669210738192,
            "max": 0.00167669210738192,
            "count": 1
        },
        "SoccerTwos.Losses.ValueLoss.sum": {
            "value": 0.00167669210738192,
            "min": 0.00167669210738192,
            "max": 0.00167669210738192,
            "count": 1
        },
        "SoccerTwos.Losses.BaselineLoss.mean": {
            "value": 0.0017192477729016293,
            "min": 0.0017192477729016293,
            "max": 0.0017192477729016293,
            "count": 1
        },
        "SoccerTwos.Losses.BaselineLoss.sum": {
            "value": 0.0017192477729016293,
            "min": 0.0017192477729016293,
            "max": 0.0017192477729016293,
            "count": 1
        },
        "SoccerTwos.Policy.LearningRate.mean": {
            "value": 0.0003,
            "min": 0.0003,
            "max": 0.0003,
            "count": 1
        },
        "SoccerTwos.Policy.LearningRate.sum": {
            "value": 0.0003,
            "min": 0.0003,
            "max": 0.0003,
            "count": 1
        },
        "SoccerTwos.Policy.Epsilon.mean": {
            "value": 0.20000000000000007,
            "min": 0.20000000000000007,
            "max": 0.20000000000000007,
            "count": 1
        },
        "SoccerTwos.Policy.Epsilon.sum": {
            "value": 0.20000000000000007,
            "min": 0.20000000000000007,
            "max": 0.20000000000000007,
            "count": 1
        },
        "SoccerTwos.Policy.Beta.mean": {
            "value": 0.005000000000000001,
            "min": 0.005000000000000001,
            "max": 0.005000000000000001,
            "count": 1
        },
        "SoccerTwos.Policy.Beta.sum": {
            "value": 0.005000000000000001,
            "min": 0.005000000000000001,
            "max": 0.005000000000000001,
            "count": 1
        }
    },
    "metadata": {
        "timer_format_version": "0.1.0",
        "start_time_seconds": "1733234267",
        "python_version": "3.8.19 (default, Mar 20 2024, 19:55:45) [MSC v.1916 64 bit (AMD64)]",
        "command_line_arguments": "C:\\anaconda3\\envs\\mlagents\\Scripts\\mlagents-learn config/poca/SoccerTwos.yaml --run-id=CompletedRewardSystem --resume",
        "mlagents_version": "0.28.0",
        "mlagents_envs_version": "0.28.0",
        "communication_protocol_version": "1.5.0",
        "pytorch_version": "1.10.0+cpu",
        "numpy_version": "1.19.5",
        "end_time_seconds": "1733234616"
    },
    "total": 349.6830534,
    "count": 1,
    "self": 0.018653200000017023,
    "children": {
        "run_training.setup": {
            "total": 0.35682990000000014,
            "count": 1,
            "self": 0.35682990000000014
        },
        "TrainerController.start_learning": {
            "total": 349.3075703,
            "count": 1,
            "self": 0.5117579000030901,
            "children": {
                "TrainerController._reset_env": {
                    "total": 12.640477099999998,
                    "count": 2,
                    "self": 12.640477099999998
                },
                "TrainerController.advance": {
                    "total": 335.5524538999969,
                    "count": 14183,
                    "self": 0.5015000999981112,
                    "children": {
                        "env_step": {
                            "total": 271.70391780000085,
                            "count": 14183,
                            "self": 192.24087910000154,
                            "children": {
                                "SubprocessEnvManager._take_step": {
                                    "total": 79.12848579999931,