{
    "name": "root",
    "gauges": {
        "SoccerTwos.Policy.Entropy.mean": {
            "value": 3.29555082321167,
            "min": 3.29555082321167,
            "max": 3.29555082321167,
            "count": 1
        },
        "SoccerTwos.Policy.Entropy.sum": {
            "value": 66346.03125,
            "min": 66346.03125,
            "max": 66346.03125,
            "count": 1
        },
        "SoccerTwos.Step.mean": {
            "value": 9566.0,
            "min": 9566.0,
            "max": 9566.0,
            "count": 1
        },
        "SoccerTwos.Step.sum": {
            "value": 9566.0,
            "min": 9566.0,
            "max": 9566.0,
            "count": 1
        },
        "SoccerTwos.Policy.ExtrinsicBaselineEstimate.mean": {
            "value": -0.08822692930698395,
            "min": -0.08822692930698395,
            "max": -0.08822692930698395,
            "count": 1
        },
        "SoccerTwos.Policy.ExtrinsicBaselineEstimate.sum": {
            "value": -1.8527655601501465,
            "min": -1.8527655601501465,
            "max": -1.8527655601501465,
            "count": 1
        },
        "SoccerTwos.Policy.ExtrinsicValueEstimate.mean": {
            "value": -0.0882316306233406,
            "min": -0.0882316306233406,
            "max": -0.0882316306233406,
            "count": 1
        },
        "SoccerTwos.Policy.ExtrinsicValueEstimate.sum": {
            "value": -1.8528642654418945,
            "min": -1.8528642654418945,
            "max": -1.8528642654418945,
            "count": 1
        },
        "SoccerTwos.Environment.EpisodeLength.mean": {
            "value": 905.6,
            "min": 905.6,
            "max": 905.6,
            "count": 1
        },
        "SoccerTwos.Environment.EpisodeLength.sum": {
            "value": 18112.0,
            "min": 18112.0,
            "max": 18112.0,
            "count": 1
        },
        "SoccerTwos.Environment.CumulativeReward.mean": {
            "value": 0.09999999403953552,
            "min": 0.09999999403953552,
            "max": 0.09999999403953552,
            "count": 1
        },
        "SoccerTwos.Environment.CumulativeReward.sum": {
            "value": 0.9999999403953552,
            "min": 0.9999999403953552,
            "max": 0.9999999403953552,
            "count": 1
        },
        "SoccerTwos.Policy.ExtrinsicReward.mean": {
            "value": 0.0,
            "min": 0.0,
            "max": 0.0,
            "count": 1
        },
        "SoccerTwos.Policy.ExtrinsicReward.sum": {
            "value": 0.0,
            "min": 0.0,
            "max": 0.0,
            "count": 1
        },
        "SoccerTwos.Environment.GroupCumulativeReward.mean": {
            "value": -0.2,
            "min": -0.2,
            "max": -0.2,
            "count": 1
        },
        "SoccerTwos.Environment.GroupCumulativeReward.sum": {
            "value": -2.0,
            "min": -2.0,
            "max": -2.0,
            "count": 1
        },
        "SoccerTwos.Self-play.ELO.mean": {
            "value": 1198.7535925691843,
            "min": 1198.7535925691843,
            "max": 1198.7535925691843,
            "count": 1
        },
        "SoccerTwos.Self-play.ELO.sum": {
            "value": 4795.014370276737,
            "min": 4795.014370276737,
            "max": 4795.014370276737,
            "count": 1
        },
        "SoccerTwos.IsTraining.mean": {
            "value": 1.0,
            "min": 1.0,
            "max": 1.0,
            "count": 1
        },
        "SoccerTwos.IsTraining.sum": {
            "value": 1.0,
            "min": 1.0,
            "max": 1.0,
            "count": 1
        }
    },
    "metadata": {
        "timer_format_version": "0.1.0",
        "start_time_seconds": "1733092918",
        "python_version": "3.8.19 (default, Mar 20 2024, 19:55:45) [MSC v.1916 64 bit (AMD64)]",
        "command_line_arguments": "C:\\anaconda3\\envs\\mlagents\\Scripts\\mlagents-learn config/poca/SoccerTwos.yaml --run-id=TestRunScoreAndBallVelocityThreshold --train",
        "mlagents_version": "0.28.0",
        "mlagents_envs_version": "0.28.0",
        "communication_protocol_version": "1.5.0",
        "pytorch_version": "1.10.0+cpu",
        "numpy_version": "1.19.5",
        "end_time_seconds": "1733093127"
    },
    "total": 208.6249189,
    "count": 1,
    "self": 0.028531900000018595,
    "children": {
        "run_training.setup": {
            "total": 0.1344000999999997,
            "count": 1,
            "self": 0.1344000999999997
        },
        "TrainerController.start_learning": {
            "total": 208.4619869,
            "count": 1,
            "self": 0.2720819000003303,
            "children": {
                "TrainerController._reset_env": {
                    "total": 8.3979873,
                    "count": 1,
                    "self": 8.3979873
                },
                "TrainerController.advance": {
                    "total": 199.12888709999967,
                    "count": 8034,
                    "self": 0.262174799998661,
                    "children": {
                        "env_step": {
                            "total": 164.97175599999994,
                            "count": 8034,
                            "self": 120.24224780000064,
                            "children": {
                                "SubprocessEnvManager._take_step": {
                                    "total": 44.545133299999144,
                                    "count": 8034,
                                    "self": 1.3235337000002616,
                                    "children": {
                                        "TorchPolicy.evaluate": {
                                            "total": 43.22159959999888,
                                            "count": 16054,
                                            "self": 6.3752803999971945,
                                            "children": {
                                                "TorchPolicy.sample_actions": {
                                                    "total": 36.84631920000169,
                                                    "count": 16054,
                                                    "self": 36.84631920000169
                                                }
                                            }
                                        }
                                    }
                                },
                                "workers": {
                                    "total": 0.18437490000015444,
                                    "count": 8033,
                                    "self": 0.0,
                                    "children": {
                                        "worker_root": {
                                            "total": 199.6677381999992,
                                            "count": 8033,
                                            "is_parallel": true,
                                            "self": 96.27750959999864,
                                            "children": {
                                                "steps_from_proto": {
                                                    "total": 0.005273199999999534,
                                                    "count": 2,
                                                    "is_parallel": true,
                                                    "self": 0.0022646999999995643,
                                                    "children": {
                                                        "_process_rank_one_or_two_observation": {
                                                            "total": 0.0030084999999999695,
                                                            "count": 8,
                                                            "is_parallel": true,