{
    "name": "root",
    "gauges": {
        "SoccerTwos.Policy.Entropy.mean": {
            "value": 3.29555344581604,
            "min": 3.29555344581604,
            "max": 3.29555344581604,
            "count": 1
        },
        "SoccerTwos.Policy.Entropy.sum": {
            "value": 72396.71875,
            "min": 72396.71875,
            "max": 72396.71875,
            "count": 1
        },
        "SoccerTwos.Step.mean": {
            "value": 9984.0,
            "min": 9984.0,
            "max": 9984.0,
            "count": 1
        },
        "SoccerTwos.Step.sum": {
            "value": 9984.0,
            "min": 9984.0,
            "max": 9984.0,
            "count": 1
        },
        "SoccerTwos.Policy.ExtrinsicBaselineEstimate.mean": {
            "value": 0.045023899525403976,
            "min": 0.045023899525403976,
            "max": 0.045023899525403976,
            "count": 1
        },
        "SoccerTwos.Policy.ExtrinsicBaselineEstimate.sum": {
            "value": 0.9004780054092407,
            "min": 0.9004780054092407,
            "max": 0.9004780054092407,
            "count": 1
        },
        "SoccerTwos.Policy.ExtrinsicValueEstimate.mean": {
            "value": 0.045014724135398865,
            "min": 0.045014724135398865,
            "max": 0.045014724135398865,
            "count": 1
        },
        "SoccerTwos.Policy.ExtrinsicValueEstimate.sum": {
            "value": 0.9002944827079773,
            "min": 0.9002944827079773,
            "max": 0.9002944827079773,
            "count": 1
        },
        "SoccerTwos.Environment.EpisodeLength.mean": {
            "value": 914.3333333333334,
            "min": 914.3333333333334,
            "max": 914.3333333333334,
            "count": 1
        },
        "SoccerTwos.Environment.EpisodeLength.sum": {
            "value": 21944.0,
            "min": 21944.0,
            "max": 21944.0,
            "count": 1
        },
        "SoccerTwos.Environment.CumulativeReward.mean": {
            "value": 0.0,
            "min": 0.0,
            "max": 0.0,
            "count": 1
        },
        "SoccerTwos.Environment.CumulativeReward.sum": {
            "value": 0.0,
            "min": 0.0,
            "max": 0.0,
            "count": 1
        },
        "SoccerTwos.Policy.ExtrinsicReward.mean": {
            "value": -0.2,
            "min": -0.2,
            "max": -0.2,
            "count": 1
        },
        "SoccerTwos.Policy.ExtrinsicReward.sum": {
            "value": -2.0,
            "min": -2.0,
            "max": -2.0,
            "count": 1
        },
        "SoccerTwos.Environment.GroupCumulativeReward.mean": {
            "value": -0.2,
            "min": -0.2,
            "max": -0.2,
            "count": 1
        },
        "SoccerTwos.Environment.GroupCumulativeReward.sum": {
            "value": -2.0,
            "min": -2.0,
            "max": -2.0,
            "count": 1
        },
        "SoccerTwos.Self-play.ELO.mean": {
            "value": 1200.0,
            "min": 1200.0,
            "max": 1200.0,
            "count": 1
        },
        "SoccerTwos.Self-play.ELO.sum": {
            "value": 2400.0,
            "min": 2400.0,
            "max": 2400.0,
            "count": 1
        },
        "SoccerTwos.IsTraining.mean": {
            "value": 1.0,
            "min": 1.0,
            "max": 1.0,
            "count": 1
        },
        "SoccerTwos.IsTraining.sum": {
            "value": 1.0,
            "min": 1.0,
            "max": 1.0,
            "count": 1
        }
    },
    "metadata": {
        "timer_format_version": "0.1.0",
        "start_time_seconds": "1736594818",
        "python_version": "3.8.19 (default, Mar 20 2024, 19:55:45) [MSC v.1916 64 bit (AMD64)]",
        "command_line_arguments": "C:\\anaconda3\\envs\\mlagents\\Scripts\\mlagents-learn config/poca/SoccerTwos.yaml --run-id=logtest_6 --train",
        "mlagents_version": "0.28.0",
        "mlagents_envs_version": "0.28.0",
        "communication_protocol_version": "1.5.0",
        "pytorch_version": "1.10.0+cpu",
        "numpy_version": "1.19.5",
        "end_time_seconds": "1736594971"
    },
    "total": 152.6694641,
    "count": 1,
    "self": 0.015056999999984555,
    "children": {
        "run_training.setup": {
            "total": 0.11391470000000004,
            "count": 1,
            "self": 0.11391470000000004
        },
        "TrainerController.start_learning": {
            "total": 152.5404924,
            "count": 1,
            "self": 0.20382359999973687,
            "children": {
                "TrainerController._reset_env": {
                    "total": 11.148672,
                    "count": 1,
                    "self": 11.148672
                },
                "TrainerController.advance": {
                    "total": 140.55986050000027,
                    "count": 6278,
                    "self": 0.1971847999997749,
                    "children": {
                        "env_step": {
                            "total": 111.89927740000013,
                            "count": 6278,
                            "self": 80.60834169999939,
                            "children": {
                                "SubprocessEnvManager._take_step": {
                                    "total": 31.160016000000585,
                                    "count": 6278,
                                    "self": 0.9282423000007327,
                                    "children": {
                                        "TorchPolicy.evaluate": {
                                            "total": 30.231773699999852,
                                            "count": 12548,
                                            "self": 4.51919580000008,
                                            "children": {
                                                "TorchPolicy.sample_actions": {
                                                    "total": 25.712577899999772,
                                                    "count": 12548,
                                                    "self": 25.712577899999772
                                                }
                                            }
                                        }
                                    }
                                },
                                "workers": {
                                    "total": 0.13091970000016317,
                                    "count": 6277,
                                    "self": 0.0,
                                    "children": {
                                        "worker_root": {
                                            "total": 141.16681079999972,
                                            "count": 6277,
                                            "is_parallel": true,
                                            "self": 72.72244499999996,
                                            "children": {
                                                "steps_from_proto": {
                                                    "total": 0.0034095999999994575,
                                                    "count": 2,
                                                    "is_parallel": true,
                                                    "self": 0.0016192000000021523,
                                                    "children": {
                                                        "_process_rank_one_or_two_observation": {
                                                            "total": 0.0017903999999973053,
                                                            "count": 8,
                                                            "is_parallel": true,