{
    "name": "root",
    "metadata": {
        "timer_format_version": "0.1.0",
        "start_time_seconds": "1736687080",
        "python_version": "3.8.19 (default, Mar 20 2024, 19:55:45) [MSC v.1916 64 bit (AMD64)]",
        "command_line_arguments": "C:\\anaconda3\\envs\\mlagents\\Scripts\\mlagents-learn config/poca/SoccerTwos.yaml --run-id=stepTest2 --train",
        "mlagents_version": "0.28.0",
        "mlagents_envs_version": "0.28.0",
        "communication_protocol_version": "1.5.0",
        "pytorch_version": "1.10.0+cpu",
        "numpy_version": "1.19.5",
        "end_time_seconds": "1736687319"
    },
    "total": 239.0956215,
    "count": 1,
    "self": 0.032282499999979564,
    "children": {
        "run_training.setup": {
            "total": 0.19440909999999967,
            "count": 1,
            "self": 0.19440909999999967
        },
        "TrainerController.start_learning": {
            "total": 238.8689299,
            "count": 1,
            "self": 0.3286729999997817,
            "children": {
                "TrainerController._reset_env": {
                    "total": 11.883048199999998,
                    "count": 5,
                    "self": 11.883048199999998
                },
                "TrainerController.advance": {
                    "total": 225.53400690000024,
                    "count": 4599,
                    "self": 0.33175359999981424,
                    "children": {
                        "env_step": {
                            "total": 217.2274091999997,
                            "count": 4599,
                            "self": 161.0742620000011,
                            "children": {
                                "SubprocessEnvManager._take_step": {
                                    "total": 55.967490599999266,
                                    "count": 4599,
                                    "self": 1.7527456999994797,
                                    "children": {
                                        "TorchPolicy.evaluate": {
                                            "total": 54.214744899999786,
                                            "count": 9198,
                                            "self": 7.738354199999918,
                                            "children": {
                                                "TorchPolicy.sample_actions": {
                                                    "total": 46.47639069999987,
                                                    "count": 9198,
                                                    "self": 46.47639069999987
                                                }
                                            }
                                        }
                                    }
                                },
                                "workers": {
                                    "total": 0.18565659999931938,
                                    "count": 4598,
                                    "self": 0.0,
                                    "children": {
                                        "worker_root": {
                                            "total": 226.64819970000008,
                                            "count": 4598,
                                            "is_parallel": true,
                                            "self": 84.5692430000004,
                                            "children": {
                                                "steps_from_proto": {
                                                    "total": 0.01950380000000429,
                                                    "count": 10,
                                                    "is_parallel": true,
                                                    "self": 0.007869899999885632,
                                                    "children": {
                                                        "_process_rank_one_or_two_observation": {
                                                            "total": 0.011633900000118658,
                                                            "count": 40,
                                                            "is_parallel": true,
                                                            "self": 0.011633900000118658
                                                        }
                                                    }
                                                },
                                                "UnityEnvironment.step": {
                                                    "total": 142.05945289999968,
                                                    "count": 4598,
                                                    "is_parallel": true,
                                                    "self": 2.3909348999984843,
                                                    "children": {
                                                        "UnityEnvironment._generate_step_input": {
                                                            "total": 1.5904693000012173,
                                                            "count": 4598,
                                                            "is_parallel": true,
                                                            "self": 1.5904693000012173
                                                        },
                                                        "communicator.exchange": {
                                                            "total": 124.03157049999962,
                                                            "count": 4598,
                                                            "is_parallel": true,
                                                            "self": 124.03157049999962
                                                        },
                                                        "steps_from_proto": {
                                                            "total": 14.046478200000358,
                                                            "count": 9196,
                                                            "is_parallel": true,
                                                            "self": 5.347429600001295,
                                                            "children": {
                                                                "_process_rank_one_or_two_observation": {
                                                                    "total": 8.699048599999063,
                                                                    "count": 36784,
                                                                    "is_parallel": true,
                                                                    "self": 8.699048599999063
                                                                }
                                                            }
                                                        }
                                                    }
                                                }
                                            }
                                        }
                                    }
                                }
                            }
                        },
                        "trainer_advance": {
                            "total": 7.974844100000713,
                            "count": 4598,
                            "self": 0.8150303000003589,
                            "children": {
                                "process_trajectory": {
                                    "total": 7.159813800000354,
                                    "count": 4598,
                                    "self": 7.159813800000354
                                }
                            }
                        }
                    }
                },