{
    "name": "root",
    "gauges": {
        "SoccerTwos.Policy.Entropy.mean": {
            "value": 3.2954697608947754,
            "min": 3.2954697608947754,
            "max": 3.2954697608947754,
            "count": 1
        },
        "SoccerTwos.Policy.Entropy.sum": {
            "value": 68031.6796875,
            "min": 68031.6796875,
            "max": 68031.6796875,
            "count": 1
        },
        "SoccerTwos.Step.mean": {
            "value": 9822.0,
            "min": 9822.0,
            "max": 9822.0,
            "count": 1
        },
        "SoccerTwos.Step.sum": {
            "value": 9822.0,
            "min": 9822.0,
            "max": 9822.0,
            "count": 1
        },
        "SoccerTwos.Policy.ExtrinsicBaselineEstimate.mean": {
            "value": 0.05459818243980408,
            "min": 0.05459818243980408,
            "max": 0.05459818243980408,
            "count": 1
        },
        "SoccerTwos.Policy.ExtrinsicBaselineEstimate.sum": {
            "value": 1.146561861038208,
            "min": 1.146561861038208,
            "max": 1.146561861038208,
            "count": 1
        },
        "SoccerTwos.Policy.ExtrinsicValueEstimate.mean": {
            "value": 0.05460375174880028,
            "min": 0.05460375174880028,
            "max": 0.05460375174880028,
            "count": 1
        },
        "SoccerTwos.Policy.ExtrinsicValueEstimate.sum": {
            "value": 1.1466788053512573,
            "min": 1.1466788053512573,
            "max": 1.1466788053512573,
            "count": 1
        },
        "SoccerTwos.Environment.EpisodeLength.mean": {
            "value": 931.2,
            "min": 931.2,
            "max": 931.2,
            "count": 1
        },
        "SoccerTwos.Environment.EpisodeLength.sum": {
            "value": 18624.0,
            "min": 18624.0,
            "max": 18624.0,
            "count": 1
        },
        "SoccerTwos.Environment.CumulativeReward.mean": {
            "value": 0.0,
            "min": 0.0,
            "max": 0.0,
            "count": 1
        },
        "SoccerTwos.Environment.CumulativeReward.sum": {
            "value": 0.0,
            "min": 0.0,
            "max": 0.0,
            "count": 1
        },
        "SoccerTwos.Policy.ExtrinsicReward.mean": {
            "value": -0.1,
            "min": -0.1,
            "max": -0.1,
            "count": 1
        },
        "SoccerTwos.Policy.ExtrinsicReward.sum": {
            "value": -1.0,
            "min": -1.0,
            "max": -1.0,
            "count": 1
        },
        "SoccerTwos.Environment.GroupCumulativeReward.mean": {
            "value": -0.1,
            "min": -0.1,
            "max": -0.1,
            "count": 1
        },
        "SoccerTwos.Environment.GroupCumulativeReward.sum": {
            "value": -1.0,
            "min": -1.0,
            "max": -1.0,
            "count": 1
        },
        "SoccerTwos.Self-play.ELO.mean": {
            "value": 1199.2507195558546,
            "min": 1199.2507195558546,
            "max": 1199.2507195558546,
            "count": 1
        },
        "SoccerTwos.Self-play.ELO.sum": {
            "value": 2398.5014391117093,
            "min": 2398.5014391117093,
            "max": 2398.5014391117093,
            "count": 1
        },
        "SoccerTwos.IsTraining.mean": {
            "value": 1.0,
            "min": 1.0,
            "max": 1.0,
            "count": 1
        },
        "SoccerTwos.IsTraining.sum": {
            "value": 1.0,
            "min": 1.0,
            "max": 1.0,
            "count": 1
        }
    },
    "metadata": {
        "timer_format_version": "0.1.0",
        "start_time_seconds": "1733111661",
        "python_version": "3.8.19 (default, Mar 20 2024, 19:55:45) [MSC v.1916 64 bit (AMD64)]",
        "command_line_arguments": "C:\\anaconda3\\envs\\mlagents\\Scripts\\mlagents-learn config/poca/SoccerTwos.yaml --run-id=TestRun7 --train",
        "mlagents_version": "0.28.0",
        "mlagents_envs_version": "0.28.0",
        "communication_protocol_version": "1.5.0",
        "pytorch_version": "1.10.0+cpu",
        "numpy_version": "1.19.5",
        "end_time_seconds": "1733111866"
    },
    "total": 205.42045819999998,
    "count": 1,
    "self": 0.02727709999996364,
    "children": {
        "run_training.setup": {
            "total": 0.2988319000000006,
            "count": 1,
            "self": 0.2988319000000006
        },
        "TrainerController.start_learning": {
            "total": 205.0943492,
            "count": 1,
            "self": 0.2591482999997936,
            "children": {
                "TrainerController._reset_env": {
                    "total": 9.639208700000001,
                    "count": 1,
                    "self": 9.639208700000001
                },
                "TrainerController.advance": {
                    "total": 194.3732769000002,
                    "count": 6877,
                    "self": 0.25738620000001333,
                    "children": {
                        "env_step": {
                            "total": 156.5864589000005,
                            "count": 6877,
                            "self": 114.28847830000137,
                            "children": {
                                "SubprocessEnvManager._take_step": {
                                    "total": 42.132250299999576,
                                    "count": 6877,
                                    "self": 1.302802200000933,
                                    "children": {
                                        "TorchPolicy.evaluate": {
                                            "total": 40.82944809999864,
                                            "count": 13740,
                                            "self": 6.0024914999985555,
                                            "children": {
                                                "TorchPolicy.sample_actions": {
                                                    "total": 34.82695660000009,
                                                    "count": 13740,
                                                    "self": 34.82695660000009
                                                }
                                            }
                                        }
                                    }
                                },
                                "workers": {
                                    "total": 0.16573029999955224,
                                    "count": 6876,
                                    "self": 0.0,
                                    "children": {
                                        "worker_root": {
                                            "total": 195.64904720000033,
                                            "count": 6876,
                                            "is_parallel": true,
                                            "self": 96.98559689999986,
                                            "children": {
                                                "steps_from_proto": {
                                                    "total": 0.005875599999999537,
                                                    "count": 2,
                                                    "is_parallel": true,
                                                    "self": 0.0025529000000013014,
                                                    "children": {
                                                        "_process_rank_one_or_two_observation": {
                                                            "total": 0.0033226999999982354,
                                                            "count": 8,
                                                            "is_parallel": true,