{
    "name": "root",
    "metadata": {
        "timer_format_version": "0.1.0",
        "start_time_seconds": "1736629040",
        "python_version": "3.8.19 (default, Mar 20 2024, 19:55:45) [MSC v.1916 64 bit (AMD64)]",
        "command_line_arguments": "C:\\anaconda3\\envs\\mlagents\\Scripts\\mlagents-learn config/poca/SoccerTwos.yaml --run-id=logtest_10 --train",
        "mlagents_version": "0.28.0",
        "mlagents_envs_version": "0.28.0",
        "communication_protocol_version": "1.5.0",
        "pytorch_version": "1.10.0+cpu",
        "numpy_version": "1.19.5",
        "end_time_seconds": "1736629096"
    },
    "total": 56.3606835,
    "count": 1,
    "self": 0.037193600000001936,
    "children": {
        "run_training.setup": {
            "total": 0.1288784999999999,
            "count": 1,
            "self": 0.1288784999999999
        },
        "TrainerController.start_learning": {
            "total": 56.1946114,
            "count": 1,
            "self": 0.0650437999998914,
            "children": {
                "TrainerController._reset_env": {
                    "total": 14.0619312,
                    "count": 1,
                    "self": 14.0619312
                },
                "TrainerController.advance": {
                    "total": 41.14457810000011,
                    "count": 1220,
                    "self": 0.06452449999999743,
                    "children": {
                        "env_step": {
                            "total": 39.34639050000012,
                            "count": 1220,
                            "self": 27.476255899999956,
                            "children": {
                                "SubprocessEnvManager._take_step": {
                                    "total": 11.831284999999944,
                                    "count": 1220,
                                    "self": 0.35495639999997053,
                                    "children": {
                                        "TorchPolicy.evaluate": {
                                            "total": 11.476328599999974,
                                            "count": 2440,
                                            "self": 1.644060499999764,
                                            "children": {
                                                "TorchPolicy.sample_actions": {
                                                    "total": 9.83226810000021,
                                                    "count": 2440,
                                                    "self": 9.83226810000021
                                                }
                                            }
                                        }
                                    }
                                },
                                "workers": {
                                    "total": 0.0388496000002192,
                                    "count": 1220,
                                    "self": 0.0,
                                    "children": {
                                        "worker_root": {
                                            "total": 42.177889800000095,
                                            "count": 1220,
                                            "is_parallel": true,
                                            "self": 18.596464300000186,
                                            "children": {
                                                "steps_from_proto": {
                                                    "total": 0.007870900000000347,
                                                    "count": 2,
                                                    "is_parallel": true,
                                                    "self": 0.0032161999999953395,
                                                    "children": {
                                                        "_process_rank_one_or_two_observation": {
                                                            "total": 0.004654700000005008,
                                                            "count": 8,
                                                            "is_parallel": true,
                                                            "self": 0.004654700000005008
                                                        }
                                                    }
                                                },
                                                "UnityEnvironment.step": {
                                                    "total": 23.57355459999991,
                                                    "count": 1220,
                                                    "is_parallel": true,
                                                    "self": 0.4994727999998574,
                                                    "children": {
                                                        "UnityEnvironment._generate_step_input": {
                                                            "total": 0.3601365000000456,
                                                            "count": 1220,
                                                            "is_parallel": true,
                                                            "self": 0.3601365000000456
                                                        },
                                                        "communicator.exchange": {
                                                            "total": 19.786020700000005,
                                                            "count": 1220,
                                                            "is_parallel": true,
                                                            "self": 19.786020700000005
                                                        },
                                                        "steps_from_proto": {
                                                            "total": 2.9279246000000008,
                                                            "count": 2440,
                                                            "is_parallel": true,
                                                            "self": 1.088769200000307,
                                                            "children": {
                                                                "_process_rank_one_or_two_observation": {
                                                                    "total": 1.8391553999996937,
                                                                    "count": 9760,
                                                                    "is_parallel": true,
                                                                    "self": 1.8391553999996937
                                                                }
                                                            }
                                                        }
                                                    }
                                                }
                                            }
                                        }
                                    }
                                }
                            }
                        },
                        "trainer_advance": {
                            "total": 1.733663099999994,
                            "count": 1220,
                            "self": 0.1548850999999054,
                            "children": {
                                "process_trajectory": {
                                    "total": 1.5787780000000886,
                                    "count": 1219,
                                    "self": 1.5787780000000886
                                }
                            }
                        }
                    }
                },