{
    "name": "root",
    "gauges": {
        "SoccerTwos.Policy.Entropy.mean": {
            "value": 3.284902811050415,
            "min": 3.2791154384613037,
            "max": 3.295729637145996,
            "count": 5
        },
        "SoccerTwos.Policy.Entropy.sum": {
            "value": 258902.890625,
            "min": 204484.75,
            "max": 258902.890625,
            "count": 5
        },
        "SoccerTwos.Environment.EpisodeLength.mean": {
            "value": 131.52631578947367,
            "min": 128.65,
            "max": 146.9090909090909,
            "count": 5
        },
        "SoccerTwos.Environment.EpisodeLength.sum": {
            "value": 19992.0,
            "min": 19392.0,
            "max": 20648.0,
            "count": 5
        },
        "SoccerTwos.Self-play.ELO.mean": {
            "value": 1207.0440508956192,
            "min": 1199.8525558419076,
            "max": 1207.0440508956192,
            "count": 5
        },
        "SoccerTwos.Self-play.ELO.sum": {
            "value": 74836.7311555284,
            "min": 62624.07949798469,
            "max": 79504.14434483206,
            "count": 5
        },
        "SoccerTwos.Step.mean": {
            "value": 49956.0,
            "min": 9862.0,
            "max": 49956.0,
            "count": 5
        },
        "SoccerTwos.Step.sum": {
            "value": 49956.0,
            "min": 9862.0,
            "max": 49956.0,
            "count": 5
        },
        "SoccerTwos.Policy.ExtrinsicBaselineEstimate.mean": {
            "value": -0.049425531178712845,
            "min": -0.049425531178712845,
            "max": -0.03069682978093624,
            "count": 5
        },
        "SoccerTwos.Policy.ExtrinsicBaselineEstimate.sum": {
            "value": -3.756340503692627,
            "min": -3.756340503692627,
            "max": -2.1601316928863525,
            "count": 5
        },
        "SoccerTwos.Policy.ExtrinsicValueEstimate.mean": {
            "value": -0.03343015909194946,
            "min": -0.035957206040620804,
            "max": -0.02630230411887169,
            "count": 5
        },
        "SoccerTwos.Policy.ExtrinsicValueEstimate.sum": {
            "value": -2.540692090988159,
            "min": -2.732747793197632,
            "max": -1.8083027601242065,
            "count": 5
        },
        "SoccerTwos.Environment.CumulativeReward.mean": {
            "value": 0.0,
            "min": -0.0032101269764236258,
            "max": 0.0037850750916039767,
            "count": 5
        },
        "SoccerTwos.Environment.CumulativeReward.sum": {
            "value": 0.0,
            "min": -0.25360003113746643,
            "max": 0.25360003113746643,
            "count": 5
        },
        "SoccerTwos.Policy.ExtrinsicReward.mean": {
            "value": 0.10318947191301145,
            "min": -0.2319343285774117,
            "max": 0.10318947191301145,
            "count": 5
        },
        "SoccerTwos.Policy.ExtrinsicReward.sum": {
            "value": 7.84239986538887,
            "min": -15.539600014686584,
            "max": 7.84239986538887,
            "count": 5
        },
        "SoccerTwos.Environment.GroupCumulativeReward.mean": {
            "value": 0.10318947191301145,
            "min": -0.2319343285774117,
            "max": 0.10318947191301145,
            "count": 5
        },
        "SoccerTwos.Environment.GroupCumulativeReward.sum": {
            "value": 7.84239986538887,
            "min": -15.539600014686584,
            "max": 7.84239986538887,
            "count": 5
        },
        "SoccerTwos.IsTraining.mean": {
            "value": 1.0,
            "min": 1.0,
            "max": 1.0,
            "count": 5
        },
        "SoccerTwos.IsTraining.sum": {
            "value": 1.0,
            "min": 1.0,
            "max": 1.0,
            "count": 5
        },
        "SoccerTwos.Losses.PolicyLoss.mean": {
            "value": 0.019839725693843017,
            "min": 0.01445620348288988,
            "max": 0.019839725693843017,
            "count": 2
        },
        "SoccerTwos.Losses.PolicyLoss.sum": {
            "value": 0.019839725693843017,
            "min": 0.01445620348288988,
            "max": 0.019839725693843017,
            "count": 2
        },
        "SoccerTwos.Losses.ValueLoss.mean": {
            "value": 0.0374280230452617,
            "min": 0.0374280230452617,
            "max": 0.03831231718262037,
            "count": 2
        },
        "SoccerTwos.Losses.ValueLoss.sum": {
            "value": 0.0374280230452617,
            "min": 0.0374280230452617,
            "max": 0.03831231718262037,
            "count": 2
        },
        "SoccerTwos.Losses.BaselineLoss.mean": {
            "value": 0.03782836521665255,
            "min": 0.03782836521665255,
            "max": 0.0382586003591617,
            "count": 2
        },
        "SoccerTwos.Losses.BaselineLoss.sum": {
            "value": 0.03782836521665255,
            "min": 0.03782836521665255,
            "max": 0.0382586003591617,
            "count": 2
        },
        "SoccerTwos.Policy.LearningRate.mean": {
            "value": 0.0003,
            "min": 0.0003,
            "max": 0.0003,
            "count": 2
        },
        "SoccerTwos.Policy.LearningRate.sum": {
            "value": 0.0003,
            "min": 0.0003,
            "max": 0.0003,
            "count": 2
        },
        "SoccerTwos.Policy.Epsilon.mean": {
            "value": 0.20000000000000007,
            "min": 0.20000000000000007,
            "max": 0.20000000000000007,
            "count": 2
        },
        "SoccerTwos.Policy.Epsilon.sum": {
            "value": 0.20000000000000007,
            "min": 0.20000000000000007,
            "max": 0.20000000000000007,
            "count": 2
        },
        "SoccerTwos.Policy.Beta.mean": {
            "value": 0.005000000000000001,
            "min": 0.005000000000000001,
            "max": 0.005000000000000001,
            "count": 2
        },
        "SoccerTwos.Policy.Beta.sum": {
            "value": 0.005000000000000001,
            "min": 0.005000000000000001,
            "max": 0.005000000000000001,
            "count": 2
        }
    },
    "metadata": {
        "timer_format_version": "0.1.0",
        "start_time_seconds": "1736604822",
        "python_version": "3.8.19 (default, Mar 20 2024, 19:55:45) [MSC v.1916 64 bit (AMD64)]",
        "command_line_arguments": "C:\\Users\\H\\anaconda3\\envs\\mlagents\\Scripts\\mlagents-learn config/poca/SoccerTwos.yaml --run-id=logtest_1 --train",
        "mlagents_version": "0.28.0",
        "mlagents_envs_version": "0.28.0",
        "communication_protocol_version": "1.5.0",
        "pytorch_version": "1.10.0+cpu",
        "numpy_version": "1.19.5",
        "end_time_seconds": "1736605302"
    },
    "total": 479.7368926,
    "count": 1,
    "self": 10.01391970000003,
    "children": {
        "run_training.setup": {
            "total": 0.07984119999999995,
            "count": 1,
            "self": 0.07984119999999995
        },
        "TrainerController.start_learning": {
            "total": 469.64313169999997,
            "count": 1,
            "self": 0.31970059999872547,
            "children": {
                "TrainerController._reset_env": {
                    "total": 8.817608099999843,
                    "count": 44,
                    "self": 8.817608099999843
                },
                "TrainerController.advance": {
                    "total": 460.15215650000135,
                    "count": 12319,
                    "self": 0.30912230000171803,
                    "children": {
                        "env_step": {
                            "total": 343.87483359999993,
                            "count": 12319,
                            "self": 299.01422699999557,