{
    "name": "root",
    "gauges": {
        "SoccerTwos.Policy.Entropy.mean": {
            "value": 3.2957279682159424,
            "min": 3.2957279682159424,
            "max": 3.2957310676574707,
            "count": 2
        },
        "SoccerTwos.Policy.Entropy.sum": {
            "value": 60074.52734375,
            "min": 60074.52734375,
            "max": 74364.875,
            "count": 2
        },
        "SoccerTwos.Environment.EpisodeLength.mean": {
            "value": 413.27272727272725,
            "min": 413.27272727272725,
            "max": 804.8571428571429,
            "count": 2
        },
        "SoccerTwos.Environment.EpisodeLength.sum": {
            "value": 18184.0,
            "min": 18184.0,
            "max": 22536.0,
            "count": 2
        },
        "SoccerTwos.Step.mean": {
            "value": 19911.0,
            "min": 9282.0,
            "max": 19911.0,
            "count": 2
        },
        "SoccerTwos.Step.sum": {
            "value": 19911.0,
            "min": 9282.0,
            "max": 19911.0,
            "count": 2
        },
        "SoccerTwos.Policy.ExtrinsicBaselineEstimate.mean": {
            "value": -0.0791235938668251,
            "min": -0.07913140952587128,
            "max": -0.0791235938668251,
            "count": 2
        },
        "SoccerTwos.Policy.ExtrinsicBaselineEstimate.sum": {
            "value": -1.8198426961898804,
            "min": -1.8198426961898804,
            "max": -0.9495769143104553,
            "count": 2
        },
        "SoccerTwos.Policy.ExtrinsicValueEstimate.mean": {
            "value": -0.07921390235424042,
            "min": -0.07921390235424042,
            "max": -0.07920645922422409,
            "count": 2
        },
        "SoccerTwos.Policy.ExtrinsicValueEstimate.sum": {
            "value": -1.8219197988510132,
            "min": -1.8219197988510132,
            "max": -0.9504774808883667,
            "count": 2
        },
        "SoccerTwos.Environment.CumulativeReward.mean": {
            "value": 0.021086959735206936,
            "min": 0.0,
            "max": 0.021086959735206936,
            "count": 2
        },
        "SoccerTwos.Environment.CumulativeReward.sum": {
            "value": 0.4850000739097595,
            "min": 0.0,
            "max": 0.4850000739097595,
            "count": 2
        },
        "SoccerTwos.Policy.ExtrinsicReward.mean": {
            "value": -0.3441826105117798,
            "min": -0.3441826105117798,
            "max": -0.2664666672547658,
            "count": 2
        },
        "SoccerTwos.Policy.ExtrinsicReward.sum": {
            "value": -7.916200041770935,
            "min": -7.916200041770935,
            "max": -3.19760000705719,
            "count": 2
        },
        "SoccerTwos.Environment.GroupCumulativeReward.mean": {
            "value": -0.3441826105117798,
            "min": -0.3441826105117798,
            "max": -0.2664666672547658,
            "count": 2
        },
        "SoccerTwos.Environment.GroupCumulativeReward.sum": {
            "value": -7.916200041770935,
            "min": -7.916200041770935,
            "max": -3.19760000705719,
            "count": 2
        },
        "SoccerTwos.Self-play.ELO.mean": {
            "value": 1198.3897457168487,
            "min": 1198.3897457168487,
            "max": 1200.331417975355,
            "count": 2
        },
        "SoccerTwos.Self-play.ELO.sum": {
            "value": 21571.015422903274,
            "min": 7201.988507852129,
            "max": 21571.015422903274,
            "count": 2
        },
        "SoccerTwos.IsTraining.mean": {
            "value": 1.0,
            "min": 1.0,
            "max": 1.0,
            "count": 2
        },
        "SoccerTwos.IsTraining.sum": {
            "value": 1.0,
            "min": 1.0,
            "max": 1.0,
            "count": 2
        }
    },
    "metadata": {
        "timer_format_version": "0.1.0",
        "start_time_seconds": "1736607016",
        "python_version": "3.8.19 (default, Mar 20 2024, 19:55:45) [MSC v.1916 64 bit (AMD64)]",
        "command_line_arguments": "C:\\Users\\H\\anaconda3\\envs\\mlagents\\Scripts\\mlagents-learn config/poca/SoccerTwos.yaml --run-id=logtest_1",
        "mlagents_version": "0.28.0",
        "mlagents_envs_version": "0.28.0",
        "communication_protocol_version": "1.5.0",
        "pytorch_version": "1.10.0+cpu",
        "numpy_version": "1.19.5",
        "end_time_seconds": "1736607329"
    },
    "total": 313.0433784,
    "count": 1,
    "self": 0.00680219999998144,
    "children": {
        "run_training.setup": {
            "total": 0.0931244,
            "count": 1,
            "self": 0.0931244
        },
        "TrainerController.start_learning": {
            "total": 312.9434518,
            "count": 1,
            "self": 0.33406170000091606,
            "children": {
                "TrainerController._reset_env": {
                    "total": 11.69373719999999,
                    "count": 14,
                    "self": 11.69373719999999
                },
                "TrainerController.advance": {
                    "total": 300.68047239999913,
                    "count": 12651,
                    "self": 0.30151409999865564,
                    "children": {
                        "env_step": {
                            "total": 243.85663590000033,
                            "count": 12651,
                            "self": 206.72482470000278,
                            "children": {
                                "SubprocessEnvManager._take_step": {
                                    "total": 36.92112109999817,
                                    "count": 12651,
                                    "self": 1.2280112999961332,
                                    "children": {
                                        "TorchPolicy.evaluate": {
                                            "total": 35.693109800002034,
                                            "count": 25286,
                                            "self": 5.6972779000011045,
                                            "children": {
                                                "TorchPolicy.sample_actions": {
                                                    "total": 29.99583190000093,
                                                    "count": 25286,
                                                    "self": 29.99583190000093
                                                }
                                            }
                                        }
                                    }
                                },
                                "workers": {
                                    "total": 0.21069009999939148,
                                    "count": 12650,
                                    "self": 0.0,
                                    "children": {
                                        "worker_root": {
                                            "total": 179.11065859999957,
                                            "count": 12650,
                                            "is_parallel": true,
                                            "self": 112.11065369999992,
                                            "children": {
                                                "steps_from_proto": {
                                                    "total": 0.011415399999977538,
                                                    "count": 28,
                                                    "is_parallel": true,
                                                    "self": 0.004991500000027571,
                                                    "children": {
                                                        "_process_rank_one_or_two_observation": {
                                                            "total": 0.006423899999949967,