{
    "name": "root",
    "gauges": {
        "SoccerTwos.Policy.Entropy.mean": {
            "value": 3.2751760482788086,
            "min": 3.265219211578369,
            "max": 3.2957546710968018,
            "count": 6
        },
        "SoccerTwos.Policy.Entropy.sum": {
            "value": 88141.5390625,
            "min": 75195.9375,
            "max": 105464.1328125,
            "count": 6
        },
        "SoccerTwos.Environment.EpisodeLength.mean": {
            "value": 325.4,
            "min": 275.6363636363636,
            "max": 582.5,
            "count": 6
        },
        "SoccerTwos.Environment.EpisodeLength.sum": {
            "value": 19524.0,
            "min": 12128.0,
            "max": 27960.0,
            "count": 6
        },
        "SoccerTwos.Self-play.ELO.mean": {
            "value": 1197.7804095110173,
            "min": 1196.1722144170283,
            "max": 1200.4828599516995,
            "count": 6
        },
        "SoccerTwos.Self-play.ELO.sum": {
            "value": 31142.29064728645,
            "min": 19207.725759227193,
            "max": 40750.499709873206,
            "count": 6
        },
        "SoccerTwos.Step.mean": {
            "value": 59924.0,
            "min": 9004.0,
            "max": 59924.0,
            "count": 6
        },
        "SoccerTwos.Step.sum": {
            "value": 59924.0,
            "min": 9004.0,
            "max": 59924.0,
            "count": 6
        },
        "SoccerTwos.Policy.ExtrinsicBaselineEstimate.mean": {
            "value": 0.0029671150259673595,
            "min": 0.0029671150259673595,
            "max": 0.046535611152648926,
            "count": 6
        },
        "SoccerTwos.Policy.ExtrinsicBaselineEstimate.sum": {
            "value": 0.08901344984769821,
            "min": 0.08901344984769821,
            "max": 1.209925889968872,
            "count": 6
        },
        "SoccerTwos.Policy.ExtrinsicValueEstimate.mean": {
            "value": 0.0013368020299822092,
            "min": 0.0013368020299822092,
            "max": 0.046509236097335815,
            "count": 6
        },
        "SoccerTwos.Policy.ExtrinsicValueEstimate.sum": {
            "value": 0.040104061365127563,
            "min": 0.040104061365127563,
            "max": 1.2092289924621582,
            "count": 6
        },
        "SoccerTwos.Environment.CumulativeReward.mean": {
            "value": 0.0,
            "min": -0.03127692697139887,
            "max": 0.05263158522154156,
            "count": 6
        },
        "SoccerTwos.Environment.CumulativeReward.sum": {
            "value": 0.0,
            "min": -0.8132001012563705,
            "max": 1.0000001192092896,
            "count": 6
        },
        "SoccerTwos.Policy.ExtrinsicReward.mean": {
            "value": -0.34275999863942463,
            "min": -0.44764210675892074,
            "max": -0.04907428537096296,
            "count": 6
        },
        "SoccerTwos.Policy.ExtrinsicReward.sum": {
            "value": -10.28279995918274,
            "min": -10.28279995918274,
            "max": -1.7175999879837036,
            "count": 6
        },
        "SoccerTwos.Environment.GroupCumulativeReward.mean": {
            "value": -0.34275999863942463,
            "min": -0.44764210675892074,
            "max": -0.04907428537096296,
            "count": 6
        },
        "SoccerTwos.Environment.GroupCumulativeReward.sum": {
            "value": -10.28279995918274,
            "min": -10.28279995918274,
            "max": -1.7175999879837036,
            "count": 6
        },
        "SoccerTwos.IsTraining.mean": {
            "value": 1.0,
            "min": 1.0,
            "max": 1.0,
            "count": 6
        },
        "SoccerTwos.IsTraining.sum": {
            "value": 1.0,
            "min": 1.0,
            "max": 1.0,
            "count": 6
        },
        "SoccerTwos.Losses.PolicyLoss.mean": {
            "value": 0.016139702588164558,
            "min": 0.016139702588164558,
            "max": 0.0221963817680565,
            "count": 2
        },
        "SoccerTwos.Losses.PolicyLoss.sum": {
            "value": 0.016139702588164558,
            "min": 0.016139702588164558,
            "max": 0.0221963817680565,
            "count": 2
        },
        "SoccerTwos.Losses.ValueLoss.mean": {
            "value": 0.011710103073467811,
            "min": 0.011710103073467811,
            "max": 0.016276229452341796,
            "count": 2
        },
        "SoccerTwos.Losses.ValueLoss.sum": {
            "value": 0.011710103073467811,
            "min": 0.011710103073467811,
            "max": 0.016276229452341796,
            "count": 2
        },
        "SoccerTwos.Losses.BaselineLoss.mean": {
            "value": 0.011818115785717963,
            "min": 0.011818115785717963,
            "max": 0.015944318131854138,
            "count": 2
        },
        "SoccerTwos.Losses.BaselineLoss.sum": {
            "value": 0.011818115785717963,
            "min": 0.011818115785717963,
            "max": 0.015944318131854138,
            "count": 2
        },
        "SoccerTwos.Policy.LearningRate.mean": {
            "value": 0.0003,
            "min": 0.0003,
            "max": 0.0003,
            "count": 2
        },
        "SoccerTwos.Policy.LearningRate.sum": {
            "value": 0.0003,
            "min": 0.0003,
            "max": 0.0003,
            "count": 2
        },
        "SoccerTwos.Policy.Epsilon.mean": {
            "value": 0.20000000000000007,
            "min": 0.20000000000000007,
            "max": 0.20000000000000007,
            "count": 2
        },
        "SoccerTwos.Policy.Epsilon.sum": {
            "value": 0.20000000000000007,
            "min": 0.20000000000000007,
            "max": 0.20000000000000007,
            "count": 2
        },
        "SoccerTwos.Policy.Beta.mean": {
            "value": 0.005000000000000001,
            "min": 0.005000000000000001,
            "max": 0.005000000000000001,
            "count": 2
        },
        "SoccerTwos.Policy.Beta.sum": {
            "value": 0.005000000000000001,
            "min": 0.005000000000000001,
            "max": 0.005000000000000001,
            "count": 2
        }
    },
    "metadata": {
        "timer_format_version": "0.1.0",
        "start_time_seconds": "1736624013",
        "python_version": "3.8.19 (default, Mar 20 2024, 19:55:45) [MSC v.1916 64 bit (AMD64)]",
        "command_line_arguments": "C:\\Users\\H\\anaconda3\\envs\\mlagents\\Scripts\\mlagents-learn config/poca/SoccerTwos.yaml --run-id=logtest_1 --force",
        "mlagents_version": "0.28.0",
        "mlagents_envs_version": "0.28.0",
        "communication_protocol_version": "1.5.0",
        "pytorch_version": "1.10.0+cpu",
        "numpy_version": "1.19.5",
        "end_time_seconds": "1736624456"
    },
    "total": 442.32479240000004,
    "count": 1,
    "self": 0.012330300000030547,
    "children": {
        "run_training.setup": {
            "total": 0.1468790000000002,
            "count": 1,
            "self": 0.1468790000000002
        },
        "TrainerController.start_learning": {
            "total": 442.1655831,
            "count": 1,
            "self": 0.16804970000055164,
            "children": {
                "TrainerController._reset_env": {
                    "total": 9.95813679999996,
                    "count": 6,
                    "self": 9.95813679999996
                },
                "TrainerController.advance": {
                    "total": 431.6906776999994,
                    "count": 5842,
                    "self": 0.15398460000102432,
                    "children": {
                        "env_step": {
                            "total": 250.18006059999863,
                            "count": 5842,
                            "self": 226.345369699999,