{
    "name": "root",
    "metadata": {
        "timer_format_version": "0.1.0",
        "start_time_seconds": "1736590163",
        "python_version": "3.8.19 (default, Mar 20 2024, 19:55:45) [MSC v.1916 64 bit (AMD64)]",
        "command_line_arguments": "C:\\anaconda3\\envs\\mlagents\\Scripts\\mlagents-learn config/poca/SoccerTwos.yaml --run-id=logtest_1 --train",
        "mlagents_version": "0.28.0",
        "mlagents_envs_version": "0.28.0",
        "communication_protocol_version": "1.5.0",
        "pytorch_version": "1.10.0+cpu",
        "numpy_version": "1.19.5",
        "end_time_seconds": "1736590271"
    },
    "total": 108.2594245,
    "count": 1,
    "self": 0.03900649999998507,
    "children": {
        "run_training.setup": {
            "total": 0.3944177,
            "count": 1,
            "self": 0.3944177
        },
        "TrainerController.start_learning": {
            "total": 107.8260003,
            "count": 1,
            "self": 0.14903980000029549,
            "children": {
                "TrainerController._reset_env": {
                    "total": 30.7187791,
                    "count": 1,
                    "self": 30.7187791
                },
                "TrainerController.advance": {
                    "total": 75.5905732999997,
                    "count": 2002,
                    "self": 0.1369824999992204,
                    "children": {
                        "env_step": {
                            "total": 71.69150330000006,
                            "count": 2002,
                            "self": 48.619105299999774,
                            "children": {
                                "SubprocessEnvManager._take_step": {
                                    "total": 22.99912970000039,
                                    "count": 2002,
                                    "self": 0.7007906000001043,
                                    "children": {
                                        "TorchPolicy.evaluate": {
                                            "total": 22.298339100000284,
                                            "count": 4000,
                                            "self": 3.1002601000002343,
                                            "children": {
                                                "TorchPolicy.sample_actions": {
                                                    "total": 19.19807900000005,
                                                    "count": 4000,
                                                    "self": 19.19807900000005
                                                }
                                            }
                                        }
                                    }
                                },
                                "workers": {
                                    "total": 0.07326829999990281,
                                    "count": 2002,
                                    "self": 0.0,
                                    "children": {
                                        "worker_root": {
                                            "total": 77.66065329999977,
                                            "count": 2002,
                                            "is_parallel": true,
                                            "self": 36.54828519999993,
                                            "children": {
                                                "steps_from_proto": {
                                                    "total": 0.009737399999998786,
                                                    "count": 2,
                                                    "is_parallel": true,
                                                    "self": 0.004666700000001356,
                                                    "children": {
                                                        "_process_rank_one_or_two_observation": {
                                                            "total": 0.00507069999999743,
                                                            "count": 8,
                                                            "is_parallel": true,
                                                            "self": 0.00507069999999743
                                                        }
                                                    }
                                                },
                                                "UnityEnvironment.step": {
                                                    "total": 41.102630699999835,
                                                    "count": 2002,
                                                    "is_parallel": true,
                                                    "self": 0.9267659999998159,
                                                    "children": {
                                                        "UnityEnvironment._generate_step_input": {
                                                            "total": 0.6558526000001166,
                                                            "count": 2002,
                                                            "is_parallel": true,
                                                            "self": 0.6558526000001166
                                                        },
                                                        "communicator.exchange": {
                                                            "total": 34.04827909999988,
                                                            "count": 2002,
                                                            "is_parallel": true,
                                                            "self": 34.04827909999988
                                                        },
                                                        "steps_from_proto": {
                                                            "total": 5.471733000000018,
                                                            "count": 4004,
                                                            "is_parallel": true,
                                                            "self": 2.0486963000004437,
                                                            "children": {
                                                                "_process_rank_one_or_two_observation": {
                                                                    "total": 3.4230366999995745,
                                                                    "count": 16016,
                                                                    "is_parallel": true,
                                                                    "self": 3.4230366999995745
                                                                }
                                                            }
                                                        }
                                                    }
                                                }
                                            }
                                        }
                                    }
                                }
                            }
                        },
                        "trainer_advance": {
                            "total": 3.762087500000412,
                            "count": 2002,
                            "self": 0.33671230000060604,
                            "children": {
                                "process_trajectory": {
                                    "total": 3.425375199999806,
                                    "count": 2002,
                                    "self": 3.425375199999806
                                }
                            }
                        }
                    }
                },