{
    "name": "root",
    "gauges": {
        "SoccerTwos.Policy.Entropy.mean": {
            "value": 3.0271666049957275,
            "min": 2.9782657623291016,
            "max": 3.0889062881469727,
            "count": 44
        },
        "SoccerTwos.Policy.Entropy.sum": {
            "value": 60640.19921875,
            "min": 16815.654296875,
            "max": 65728.453125,
            "count": 44
        },
        "SoccerTwos.Environment.EpisodeLength.mean": {
            "value": 917.0,
            "min": 535.2222222222222,
            "max": 999.0,
            "count": 44
        },
        "SoccerTwos.Environment.EpisodeLength.sum": {
            "value": 22008.0,
            "min": 5468.0,
            "max": 23644.0,
            "count": 44
        },
        "SoccerTwos.Self-play.ELO.mean": {
            "value": 1219.224376083327,
            "min": 1214.12331306969,
            "max": 1220.1140319393926,
            "count": 43
        },
        "SoccerTwos.Self-play.ELO.sum": {
            "value": 4876.897504333308,
            "min": 2431.437452426845,
            "max": 17041.69463632826,
            "count": 43
        },
        "SoccerTwos.Step.mean": {
            "value": 4999538.0,
            "min": 4569958.0,
            "max": 4999538.0,
            "count": 44
        },
        "SoccerTwos.Step.sum": {
            "value": 4999538.0,
            "min": 4569958.0,
            "max": 4999538.0,
            "count": 44
        },
        "SoccerTwos.Policy.ExtrinsicBaselineEstimate.mean": {
            "value": 0.0036333519965410233,
            "min": 0.0036333519965410233,
            "max": 0.043392613530159,
            "count": 44
        },
        "SoccerTwos.Policy.ExtrinsicBaselineEstimate.sum": {
            "value": 0.07630039006471634,
            "min": 0.07630039006471634,
            "max": 1.0524742603302002,
            "count": 44
        },
        "SoccerTwos.Policy.ExtrinsicValueEstimate.mean": {
            "value": 0.0037471300456672907,
            "min": 0.0037471300456672907,
            "max": 0.0425867922604084,
            "count": 44
        },
        "SoccerTwos.Policy.ExtrinsicValueEstimate.sum": {
            "value": 0.07868973165750504,
            "min": 0.07868973165750504,
            "max": 1.0502818822860718,
            "count": 44
        },
        "SoccerTwos.Environment.CumulativeReward.mean": {
            "value": 0.020000000856816767,
            "min": -0.12304616203674903,
            "max": 0.26646670202414197,
            "count": 44
        },
        "SoccerTwos.Environment.CumulativeReward.sum": {
            "value": 0.2000000085681677,
            "min": -1.5996001064777374,
            "max": 1.199600100517273,
            "count": 44
        },
        "SoccerTwos.Policy.ExtrinsicReward.mean": {
            "value": 0.4400000095367432,
            "min": -0.8000000317891439,
            "max": 1.0250000059604645,
            "count": 44
        },
        "SoccerTwos.Policy.ExtrinsicReward.sum": {
            "value": 4.400000095367432,
            "min": -7.200000286102295,
            "max": 16.40000009536743,
            "count": 44
        },
        "SoccerTwos.Environment.GroupCumulativeReward.mean": {
            "value": 0.4,
            "min": -0.6666666666666666,
            "max": 1.0,
            "count": 44
        },
        "SoccerTwos.Environment.GroupCumulativeReward.sum": {
            "value": 4.0,
            "min": -6.0,
            "max": 16.0,
            "count": 44
        },
        "SoccerTwos.IsTraining.mean": {
            "value": 1.0,
            "min": 1.0,
            "max": 1.0,
            "count": 44
        },
        "SoccerTwos.IsTraining.sum": {
            "value": 1.0,
            "min": 1.0,
            "max": 1.0,
            "count": 44
        },
        "SoccerTwos.Losses.PolicyLoss.mean": {
            "value": 0.02440011246362701,
            "min": 0.016523107392398137,
            "max": 0.02954726101597771,
            "count": 40
        },
        "SoccerTwos.Losses.PolicyLoss.sum": {
            "value": 0.02440011246362701,
            "min": 0.016523107392398137,
            "max": 0.02954726101597771,
            "count": 40
        },
        "SoccerTwos.Losses.ValueLoss.mean": {
            "value": 0.005764430761337281,
            "min": 0.0007863335635950838,
            "max": 0.0297697350072364,
            "count": 40
        },
        "SoccerTwos.Losses.ValueLoss.sum": {
            "value": 0.005764430761337281,
            "min": 0.0007863335635950838,
            "max": 0.0297697350072364,
            "count": 40
        },
        "SoccerTwos.Losses.BaselineLoss.mean": {
            "value": 0.005766978270063798,
            "min": 0.0007860343930587987,
            "max": 0.02975500375032425,
            "count": 40
        },
        "SoccerTwos.Losses.BaselineLoss.sum": {
            "value": 0.005766978270063798,
            "min": 0.0007860343930587987,
            "max": 0.02975500375032425,
            "count": 40
        },
        "SoccerTwos.Policy.LearningRate.mean": {
            "value": 0.0003,
            "min": 0.0003,
            "max": 0.0003,
            "count": 40
        },
        "SoccerTwos.Policy.LearningRate.sum": {
            "value": 0.0003,
            "min": 0.0003,
            "max": 0.0003,
            "count": 40
        },
        "SoccerTwos.Policy.Epsilon.mean": {
            "value": 0.20000000000000007,
            "min": 0.20000000000000007,
            "max": 0.20000000000000007,
            "count": 40
        },
        "SoccerTwos.Policy.Epsilon.sum": {
            "value": 0.20000000000000007,
            "min": 0.20000000000000007,
            "max": 0.20000000000000007,
            "count": 40
        },
        "SoccerTwos.Policy.Beta.mean": {
            "value": 0.005000000000000001,
            "min": 0.005000000000000001,
            "max": 0.005000000000000001,
            "count": 40
        },
        "SoccerTwos.Policy.Beta.sum": {
            "value": 0.005000000000000001,
            "min": 0.005000000000000001,
            "max": 0.005000000000000001,
            "count": 40
        }
    },
    "metadata": {
        "timer_format_version": "0.1.0",
        "start_time_seconds": "1736849572",
        "python_version": "3.8.19 (default, Mar 20 2024, 19:55:45) [MSC v.1916 64 bit (AMD64)]",
        "command_line_arguments": "C:\\anaconda3\\envs\\mlagents\\Scripts\\mlagents-learn config/poca/SoccerTwos.yaml --run-id=poca-training --resume",
        "mlagents_version": "0.28.0",
        "mlagents_envs_version": "0.28.0",
        "communication_protocol_version": "1.5.0",
        "pytorch_version": "1.10.0+cpu",
        "numpy_version": "1.19.5",
        "end_time_seconds": "1736855638"
    },
    "total": 6065.7558872,
    "count": 1,
    "self": 0.11256159999993542,
    "children": {
        "run_training.setup": {
            "total": 0.1304597000000003,
            "count": 1,
            "self": 0.1304597000000003
        },
        "TrainerController.start_learning": {
            "total": 6065.5128659,
            "count": 1,
            "self": 8.245772500058592,
            "children": {
                "TrainerController._reset_env": {
                    "total": 9.571453000000288,
                    "count": 4,
                    "self": 9.571453000000288
                },
                "TrainerController.advance": {
                    "total": 6047.2856371999405,
                    "count": 216583,
                    "self": 7.906600300032551,
                    "children": {
                        "env_step": {
                            "total": 4045.1646969998756,
                            "count": 216583,
                            "self": 2769.42996749971,