{
    "name": "root",
    "metadata": {
        "timer_format_version": "0.1.0",
        "start_time_seconds": "1736700793",
        "python_version": "3.8.19 (default, Mar 20 2024, 19:55:45) [MSC v.1916 64 bit (AMD64)]",
        "command_line_arguments": "C:\\anaconda3\\envs\\mlagents\\Scripts\\mlagents-learn config/poca/SoccerTwos.yaml --run-id=stepTest5 --train",
        "mlagents_version": "0.28.0",
        "mlagents_envs_version": "0.28.0",
        "communication_protocol_version": "1.5.0",
        "pytorch_version": "1.10.0+cpu",
        "numpy_version": "1.19.5",
        "end_time_seconds": "1736700969"
    },
    "total": 176.8797318,
    "count": 1,
    "self": 0.025716899999991938,
    "children": {
        "run_training.setup": {
            "total": 0.20044740000000028,
            "count": 1,
            "self": 0.20044740000000028
        },
        "TrainerController.start_learning": {
            "total": 176.6535675,
            "count": 1,
            "self": 0.21444879999972954,
            "children": {
                "TrainerController._reset_env": {
                    "total": 15.1859566,
                    "count": 1,
                    "self": 15.1859566
                },
                "TrainerController.advance": {
                    "total": 160.56231560000026,
                    "count": 3414,
                    "self": 0.20636150000021303,
                    "children": {
                        "env_step": {
                            "total": 155.1802380000003,
                            "count": 3414,
                            "self": 119.4750130000003,
                            "children": {
                                "SubprocessEnvManager._take_step": {
                                    "total": 35.57667150000019,
                                    "count": 3414,
                                    "self": 1.1173718999997106,
                                    "children": {
                                        "TorchPolicy.evaluate": {
                                            "total": 34.45929960000048,
                                            "count": 6827,
                                            "self": 4.997335200000492,
                                            "children": {
                                                "TorchPolicy.sample_actions": {
                                                    "total": 29.461964399999985,
                                                    "count": 6827,
                                                    "self": 29.461964399999985
                                                }
                                            }
                                        }
                                    }
                                },
                                "workers": {
                                    "total": 0.12855349999979637,
                                    "count": 3413,
                                    "self": 0.0,
                                    "children": {
                                        "worker_root": {
                                            "total": 161.7324670999988,
                                            "count": 3413,
                                            "is_parallel": true,
                                            "self": 55.00771469999853,
                                            "children": {
                                                "steps_from_proto": {
                                                    "total": 0.008877500000000538,
                                                    "count": 2,
                                                    "is_parallel": true,
                                                    "self": 0.0035546000000010736,
                                                    "children": {
                                                        "_process_rank_one_or_two_observation": {
                                                            "total": 0.005322899999999464,
                                                            "count": 8,
                                                            "is_parallel": true,
                                                            "self": 0.005322899999999464
                                                        }
                                                    }
                                                },
                                                "UnityEnvironment.step": {
                                                    "total": 106.71587490000026,
                                                    "count": 3413,
                                                    "is_parallel": true,
                                                    "self": 1.5958198000000579,
                                                    "children": {
                                                        "UnityEnvironment._generate_step_input": {
                                                            "total": 1.1187595000004098,
                                                            "count": 3413,
                                                            "is_parallel": true,
                                                            "self": 1.1187595000004098
                                                        },
                                                        "communicator.exchange": {
                                                            "total": 94.84470439999961,
                                                            "count": 3413,
                                                            "is_parallel": true,
                                                            "self": 94.84470439999961
                                                        },
                                                        "steps_from_proto": {
                                                            "total": 9.156591200000175,
                                                            "count": 6826,
                                                            "is_parallel": true,
                                                            "self": 3.487016300001315,
                                                            "children": {
                                                                "_process_rank_one_or_two_observation": {
                                                                    "total": 5.66957489999886,
                                                                    "count": 27304,
                                                                    "is_parallel": true,
                                                                    "self": 5.66957489999886
                                                                }
                                                            }
                                                        }
                                                    }
                                                }
                                            }
                                        }
                                    }
                                }
                            }
                        },
                        "trainer_advance": {
                            "total": 5.17571609999975,
                            "count": 3413,
                            "self": 0.5207619999987259,
                            "children": {
                                "process_trajectory": {
                                    "total": 4.654954100001024,
                                    "count": 3413,
                                    "self": 4.654954100001024
                                }
                            }
                        }
                    }
                },