{
    "name": "root",
    "gauges": {
        "SoccerTwos.Policy.Entropy.mean": {
            "value": 3.295520067214966,
            "min": 3.295520067214966,
            "max": 3.295520067214966,
            "count": 1
        },
        "SoccerTwos.Policy.Entropy.sum": {
            "value": 71025.046875,
            "min": 71025.046875,
            "max": 71025.046875,
            "count": 1
        },
        "SoccerTwos.Step.mean": {
            "value": 9776.0,
            "min": 9776.0,
            "max": 9776.0,
            "count": 1
        },
        "SoccerTwos.Step.sum": {
            "value": 9776.0,
            "min": 9776.0,
            "max": 9776.0,
            "count": 1
        },
        "SoccerTwos.Policy.ExtrinsicBaselineEstimate.mean": {
            "value": -0.07441747933626175,
            "min": -0.07441747933626175,
            "max": -0.07441747933626175,
            "count": 1
        },
        "SoccerTwos.Policy.ExtrinsicBaselineEstimate.sum": {
            "value": -1.637184500694275,
            "min": -1.637184500694275,
            "max": -1.637184500694275,
            "count": 1
        },
        "SoccerTwos.Policy.ExtrinsicValueEstimate.mean": {
            "value": -0.07440939545631409,
            "min": -0.07440939545631409,
            "max": -0.07440939545631409,
            "count": 1
        },
        "SoccerTwos.Policy.ExtrinsicValueEstimate.sum": {
            "value": -1.6370066404342651,
            "min": -1.6370066404342651,
            "max": -1.6370066404342651,
            "count": 1
        },
        "SoccerTwos.Environment.EpisodeLength.mean": {
            "value": 813.6666666666666,
            "min": 813.6666666666666,
            "max": 813.6666666666666,
            "count": 1
        },
        "SoccerTwos.Environment.EpisodeLength.sum": {
            "value": 19528.0,
            "min": 19528.0,
            "max": 19528.0,
            "count": 1
        },
        "SoccerTwos.Self-play.ELO.mean": {
            "value": 1200.5792730868427,
            "min": 1200.5792730868427,
            "max": 1200.5792730868427,
            "count": 1
        },
        "SoccerTwos.Self-play.ELO.sum": {
            "value": 7203.475638521056,
            "min": 7203.475638521056,
            "max": 7203.475638521056,
            "count": 1
        },
        "SoccerTwos.Environment.CumulativeReward.mean": {
            "value": 4.967053731282552e-09,
            "min": 4.967053731282552e-09,
            "max": 4.967053731282552e-09,
            "count": 1
        },
        "SoccerTwos.Environment.CumulativeReward.sum": {
            "value": 5.960464477539063e-08,
            "min": 5.960464477539063e-08,
            "max": 5.960464477539063e-08,
            "count": 1
        },
        "SoccerTwos.Policy.ExtrinsicReward.mean": {
            "value": 0.5,
            "min": 0.5,
            "max": 0.5,
            "count": 1
        },
        "SoccerTwos.Policy.ExtrinsicReward.sum": {
            "value": 6.0,
            "min": 6.0,
            "max": 6.0,
            "count": 1
        },
        "SoccerTwos.Environment.GroupCumulativeReward.mean": {
            "value": 0.5,
            "min": 0.5,
            "max": 0.5,
            "count": 1
        },
        "SoccerTwos.Environment.GroupCumulativeReward.sum": {
            "value": 6.0,
            "min": 6.0,
            "max": 6.0,
            "count": 1
        },
        "SoccerTwos.IsTraining.mean": {
            "value": 1.0,
            "min": 1.0,
            "max": 1.0,
            "count": 1
        },
        "SoccerTwos.IsTraining.sum": {
            "value": 1.0,
            "min": 1.0,
            "max": 1.0,
            "count": 1
        }
    },
    "metadata": {
        "timer_format_version": "0.1.0",
        "start_time_seconds": "1736594220",
        "python_version": "3.8.19 (default, Mar 20 2024, 19:55:45) [MSC v.1916 64 bit (AMD64)]",
        "command_line_arguments": "C:\\anaconda3\\envs\\mlagents\\Scripts\\mlagents-learn config/poca/SoccerTwos.yaml --run-id=logtest_5 --train",
        "mlagents_version": "0.28.0",
        "mlagents_envs_version": "0.28.0",
        "communication_protocol_version": "1.5.0",
        "pytorch_version": "1.10.0+cpu",
        "numpy_version": "1.19.5",
        "end_time_seconds": "1736594417"
    },
    "total": 197.3513901,
    "count": 1,
    "self": 0.013550000000009277,
    "children": {
        "run_training.setup": {
            "total": 0.2713574999999997,
            "count": 1,
            "self": 0.2713574999999997
        },
        "TrainerController.start_learning": {
            "total": 197.0664826,
            "count": 1,
            "self": 0.23828550000013138,
            "children": {
                "TrainerController._reset_env": {
                    "total": 34.3028092,
                    "count": 1,
                    "self": 34.3028092
                },
                "TrainerController.advance": {
                    "total": 161.9057553999999,
                    "count": 6131,
                    "self": 0.22596460000039542,
                    "children": {
                        "env_step": {
                            "total": 130.82060790000006,
                            "count": 6131,
                            "self": 92.77489890000112,
                            "children": {
                                "SubprocessEnvManager._take_step": {
                                    "total": 37.88828189999898,
                                    "count": 6131,
                                    "self": 1.155859799999746,
                                    "children": {
                                        "TorchPolicy.evaluate": {
                                            "total": 36.73242209999923,
                                            "count": 12258,
                                            "self": 5.4694528999985295,
                                            "children": {
                                                "TorchPolicy.sample_actions": {
                                                    "total": 31.262969200000704,
                                                    "count": 12258,
                                                    "self": 31.262969200000704
                                                }
                                            }
                                        }
                                    }
                                },
                                "workers": {
                                    "total": 0.15742709999995697,
                                    "count": 6130,
                                    "self": 0.0,
                                    "children": {
                                        "worker_root": {
                                            "total": 163.16176570000087,
                                            "count": 6130,
                                            "is_parallel": true,
                                            "self": 84.68514070000063,
                                            "children": {
                                                "steps_from_proto": {
                                                    "total": 0.005968799999997998,
                                                    "count": 2,
                                                    "is_parallel": true,
                                                    "self": 0.002453400000000272,
                                                    "children": {
                                                        "_process_rank_one_or_two_observation": {
                                                            "total": 0.003515399999997726,
                                                            "count": 8,
                                                            "is_parallel": true,