{
    "name": "root",
    "gauges": {
        "SoccerTwos.Policy.Entropy.mean": {
            "value": 3.295583486557007,
            "min": 3.295583486557007,
            "max": 3.295583486557007,
            "count": 1
        },
        "SoccerTwos.Policy.Entropy.sum": {
            "value": 65911.671875,
            "min": 65911.671875,
            "max": 65911.671875,
            "count": 1
        },
        "SoccerTwos.Step.mean": {
            "value": 9500.0,
            "min": 9500.0,
            "max": 9500.0,
            "count": 1
        },
        "SoccerTwos.Step.sum": {
            "value": 9500.0,
            "min": 9500.0,
            "max": 9500.0,
            "count": 1
        },
        "SoccerTwos.Policy.ExtrinsicBaselineEstimate.mean": {
            "value": -0.099567711353302,
            "min": -0.099567711353302,
            "max": -0.099567711353302,
            "count": 1
        },
        "SoccerTwos.Policy.ExtrinsicBaselineEstimate.sum": {
            "value": -1.8917864561080933,
            "min": -1.8917864561080933,
            "max": -1.8917864561080933,
            "count": 1
        },
        "SoccerTwos.Policy.ExtrinsicValueEstimate.mean": {
            "value": -0.0995645672082901,
            "min": -0.0995645672082901,
            "max": -0.0995645672082901,
            "count": 1
        },
        "SoccerTwos.Policy.ExtrinsicValueEstimate.sum": {
            "value": -1.8917267322540283,
            "min": -1.8917267322540283,
            "max": -1.8917267322540283,
            "count": 1
        },
        "SoccerTwos.Environment.EpisodeLength.mean": {
            "value": 999.0,
            "min": 999.0,
            "max": 999.0,
            "count": 1
        },
        "SoccerTwos.Environment.EpisodeLength.sum": {
            "value": 19980.0,
            "min": 19980.0,
            "max": 19980.0,
            "count": 1
        },
        "SoccerTwos.Environment.CumulativeReward.mean": {
            "value": 0.11111112435658772,
            "min": 0.11111112435658772,
            "max": 0.11111112435658772,
            "count": 1
        },
        "SoccerTwos.Environment.CumulativeReward.sum": {
            "value": 1.0000001192092896,
            "min": 1.0000001192092896,
            "max": 1.0000001192092896,
            "count": 1
        },
        "SoccerTwos.Policy.ExtrinsicReward.mean": {
            "value": 0.7777777777777778,
            "min": 0.7777777777777778,
            "max": 0.7777777777777778,
            "count": 1
        },
        "SoccerTwos.Policy.ExtrinsicReward.sum": {
            "value": 7.0,
            "min": 7.0,
            "max": 7.0,
            "count": 1
        },
        "SoccerTwos.Environment.GroupCumulativeReward.mean": {
            "value": 0.7777777777777778,
            "min": 0.7777777777777778,
            "max": 0.7777777777777778,
            "count": 1
        },
        "SoccerTwos.Environment.GroupCumulativeReward.sum": {
            "value": 7.0,
            "min": 7.0,
            "max": 7.0,
            "count": 1
        },
        "SoccerTwos.IsTraining.mean": {
            "value": 1.0,
            "min": 1.0,
            "max": 1.0,
            "count": 1
        },
        "SoccerTwos.IsTraining.sum": {
            "value": 1.0,
            "min": 1.0,
            "max": 1.0,
            "count": 1
        }
    },
    "metadata": {
        "timer_format_version": "0.1.0",
        "start_time_seconds": "1733066745",
        "python_version": "3.8.19 (default, Mar 20 2024, 19:55:45) [MSC v.1916 64 bit (AMD64)]",
        "command_line_arguments": "C:\\anaconda3\\envs\\mlagents\\Scripts\\mlagents-learn config/poca/SoccerTwos.yaml --run-id=TestRunScoreAndLowerAgentSpeedAndRotationSpeed --train",
        "mlagents_version": "0.28.0",
        "mlagents_envs_version": "0.28.0",
        "communication_protocol_version": "1.5.0",
        "pytorch_version": "1.10.0+cpu",
        "numpy_version": "1.19.5",
        "end_time_seconds": "1733066979"
    },
    "total": 233.7169743,
    "count": 1,
    "self": 0.022059499999983245,
    "children": {
        "run_training.setup": {
            "total": 0.14025579999999982,
            "count": 1,
            "self": 0.14025579999999982
        },
        "TrainerController.start_learning": {
            "total": 233.55465900000002,
            "count": 1,
            "self": 0.36143289999958483,
            "children": {
                "TrainerController._reset_env": {
                    "total": 8.5504119,
                    "count": 1,
                    "self": 8.5504119
                },
                "TrainerController.advance": {
                    "total": 223.9346519000004,
                    "count": 9109,
                    "self": 0.34803399999915996,
                    "children": {
                        "env_step": {
                            "total": 184.6507708000003,
                            "count": 9109,
                            "self": 128.56026990000157,
                            "children": {
                                "SubprocessEnvManager._take_step": {
                                    "total": 55.86242789999925,
                                    "count": 9109,
                                    "self": 1.7011189999979095,
                                    "children": {
                                        "TorchPolicy.evaluate": {
                                            "total": 54.16130890000134,
                                            "count": 18218,
                                            "self": 8.069481000001808,
                                            "children": {
                                                "TorchPolicy.sample_actions": {
                                                    "total": 46.09182789999953,
                                                    "count": 18218,
                                                    "self": 46.09182789999953
                                                }
                                            }
                                        }
                                    }
                                },
                                "workers": {
                                    "total": 0.22807299999945307,
                                    "count": 9108,
                                    "self": 0.0,
                                    "children": {
                                        "worker_root": {
                                            "total": 224.48235829999865,
                                            "count": 9108,
                                            "is_parallel": true,
                                            "self": 116.91353399999866,
                                            "children": {
                                                "steps_from_proto": {
                                                    "total": 0.005388199999999621,
                                                    "count": 2,
                                                    "is_parallel": true,
                                                    "self": 0.002015300000000053,
                                                    "children": {
                                                        "_process_rank_one_or_two_observation": {
                                                            "total": 0.003372899999999568,
                                                            "count": 8,
                                                            "is_parallel": true,
                                                            "self": 0.003372899999999568
                                                        }
                                                    }
                                                },