{
    "name": "root",
    "gauges": {
        "SoccerTwos.Policy.Entropy.mean": {
            "value": 3.2736997604370117,
            "min": 3.2736997604370117,
            "max": 3.2955992221832275,
            "count": 4
        },
        "SoccerTwos.Policy.Entropy.sum": {
            "value": 64321.65234375,
            "min": 64321.65234375,
            "max": 70639.28125,
            "count": 4
        },
        "SoccerTwos.Step.mean": {
            "value": 39628.0,
            "min": 9874.0,
            "max": 39628.0,
            "count": 4
        },
        "SoccerTwos.Step.sum": {
            "value": 39628.0,
            "min": 9874.0,
            "max": 39628.0,
            "count": 4
        },
        "SoccerTwos.Policy.ExtrinsicBaselineEstimate.mean": {
            "value": 0.05930722877383232,
            "min": 0.05763588845729828,
            "max": 0.07432541996240616,
            "count": 4
        },
        "SoccerTwos.Policy.ExtrinsicBaselineEstimate.sum": {
            "value": 1.1861445903778076,
            "min": 1.1861445903778076,
            "max": 1.7094846963882446,
            "count": 4
        },
        "SoccerTwos.Policy.ExtrinsicValueEstimate.mean": {
            "value": 0.06365800648927689,
            "min": 0.06008648872375488,
            "max": 0.07431421428918839,
            "count": 4
        },
        "SoccerTwos.Policy.ExtrinsicValueEstimate.sum": {
            "value": 1.2731600999832153,
            "min": 1.2731600999832153,
            "max": 1.7092268466949463,
            "count": 4
        },
        "SoccerTwos.Environment.EpisodeLength.mean": {
            "value": 981.4,
            "min": 714.1428571428571,
            "max": 981.4,
            "count": 4
        },
        "SoccerTwos.Environment.EpisodeLength.sum": {
            "value": 19628.0,
            "min": 18012.0,
            "max": 23520.0,
            "count": 4
        },
        "SoccerTwos.Environment.CumulativeReward.mean": {
            "value": 0.050000010430812834,
            "min": -0.16666667039195696,
            "max": 0.050000010430812834,
            "count": 4
        },
        "SoccerTwos.Environment.CumulativeReward.sum": {
            "value": 0.5000001043081284,
            "min": -2.0000000447034836,
            "max": 0.5000001043081284,
            "count": 4
        },
        "SoccerTwos.Policy.ExtrinsicReward.mean": {
            "value": 0.3,
            "min": -0.4999999950329463,
            "max": 0.3,
            "count": 4
        },
        "SoccerTwos.Policy.ExtrinsicReward.sum": {
            "value": 3.0,
            "min": -5.999999940395355,
            "max": 3.0,
            "count": 4
        },
        "SoccerTwos.Environment.GroupCumulativeReward.mean": {
            "value": 0.2,
            "min": -0.16666666666666666,
            "max": 0.2,
            "count": 4
        },
        "SoccerTwos.Environment.GroupCumulativeReward.sum": {
            "value": 2.0,
            "min": -2.0,
            "max": 2.0,
            "count": 4
        },
        "SoccerTwos.Self-play.ELO.mean": {
            "value": 1199.7550916547984,
            "min": 1199.6254254331175,
            "max": 1200.0797527907453,
            "count": 4
        },
        "SoccerTwos.Self-play.ELO.sum": {
            "value": 2399.510183309597,
            "min": 2399.510183309597,
            "max": 7200.478516744472,
            "count": 4
        },
        "SoccerTwos.IsTraining.mean": {
            "value": 1.0,
            "min": 1.0,
            "max": 1.0,
            "count": 4
        },
        "SoccerTwos.IsTraining.sum": {
            "value": 1.0,
            "min": 1.0,
            "max": 1.0,
            "count": 4
        },
        "SoccerTwos.Losses.PolicyLoss.mean": {
            "value": 0.027401683929686744,
            "min": 0.019137533495086245,
            "max": 0.027401683929686744,
            "count": 3
        },
        "SoccerTwos.Losses.PolicyLoss.sum": {
            "value": 0.027401683929686744,
            "min": 0.019137533495086245,
            "max": 0.027401683929686744,
            "count": 3
        },
        "SoccerTwos.Losses.ValueLoss.mean": {
            "value": 0.0019980035722255707,
            "min": 0.0019980035722255707,
            "max": 0.0051594161738952,
            "count": 3
        },
        "SoccerTwos.Losses.ValueLoss.sum": {
            "value": 0.0019980035722255707,
            "min": 0.0019980035722255707,
            "max": 0.0051594161738952,
            "count": 3
        },
        "SoccerTwos.Losses.BaselineLoss.mean": {
            "value": 0.002101564706147959,
            "min": 0.002101564706147959,
            "max": 0.00545685727459689,
            "count": 3
        },
        "SoccerTwos.Losses.BaselineLoss.sum": {
            "value": 0.002101564706147959,
            "min": 0.002101564706147959,
            "max": 0.00545685727459689,
            "count": 3
        },
        "SoccerTwos.Policy.LearningRate.mean": {
            "value": 0.0003,
            "min": 0.0003,
            "max": 0.0003,
            "count": 3
        },
        "SoccerTwos.Policy.LearningRate.sum": {
            "value": 0.0003,
            "min": 0.0003,
            "max": 0.0003,
            "count": 3
        },
        "SoccerTwos.Policy.Epsilon.mean": {
            "value": 0.20000000000000007,
            "min": 0.20000000000000007,
            "max": 0.20000000000000007,
            "count": 3
        },
        "SoccerTwos.Policy.Epsilon.sum": {
            "value": 0.20000000000000007,
            "min": 0.20000000000000007,
            "max": 0.20000000000000007,
            "count": 3
        },
        "SoccerTwos.Policy.Beta.mean": {
            "value": 0.005000000000000001,
            "min": 0.005000000000000001,
            "max": 0.005000000000000001,
            "count": 3
        },
        "SoccerTwos.Policy.Beta.sum": {
            "value": 0.005000000000000001,
            "min": 0.005000000000000001,
            "max": 0.005000000000000001,
            "count": 3
        }
    },
    "metadata": {
        "timer_format_version": "0.1.0",
        "start_time_seconds": "1733107877",
        "python_version": "3.8.19 (default, Mar 20 2024, 19:55:45) [MSC v.1916 64 bit (AMD64)]",
        "command_line_arguments": "C:\\anaconda3\\envs\\mlagents\\Scripts\\mlagents-learn config/poca/SoccerTwos.yaml --run-id=TestRun6 --train",
        "mlagents_version": "0.28.0",
        "mlagents_envs_version": "0.28.0",
        "communication_protocol_version": "1.5.0",
        "pytorch_version": "1.10.0+cpu",
        "numpy_version": "1.19.5",
        "end_time_seconds": "1733108411"
    },
    "total": 534.0773802,
    "count": 1,
    "self": 0.023739699999964614,
    "children": {
        "run_training.setup": {
            "total": 0.13656570000000023,
            "count": 1,
            "self": 0.13656570000000023
        },
        "TrainerController.start_learning": {
            "total": 533.9170748,
            "count": 1,
            "self": 0.8130992000006927,
            "children": {
                "TrainerController._reset_env": {
                    "total": 10.9315621,
                    "count": 1,
                    "self": 10.9315621
                },
                "TrainerController.advance": {
                    "total": 521.4211046999994,
                    "count": 20649,
                    "self": 0.7702873000029058,
                    "children": {
                        "env_step": {
                            "total": 418.542177399998,
                            "count": 20649,
                            "self": 292.0113889000034,
                            "children": {
                                "SubprocessEnvManager._take_step": {
                                    "total": 126.01016539999603,
                                    "count": 20649,