{
    "name": "root",
    "gauges": {
        "SoccerTwos.Policy.Entropy.mean": {
            "value": 3.2862284183502197,
            "min": 3.2862284183502197,
            "max": 3.2906086444854736,
            "count": 2
        },
        "SoccerTwos.Policy.Entropy.sum": {
            "value": 63844.84375,
            "min": 45660.484375,
            "max": 63844.84375,
            "count": 2
        },
        "SoccerTwos.Step.mean": {
            "value": 39886.0,
            "min": 29672.0,
            "max": 39886.0,
            "count": 2
        },
        "SoccerTwos.Step.sum": {
            "value": 39886.0,
            "min": 29672.0,
            "max": 39886.0,
            "count": 2
        },
        "SoccerTwos.Policy.ExtrinsicBaselineEstimate.mean": {
            "value": 0.013767847791314125,
            "min": 0.006980219390243292,
            "max": 0.013767847791314125,
            "count": 2
        },
        "SoccerTwos.Policy.ExtrinsicBaselineEstimate.sum": {
            "value": 0.31666049361228943,
            "min": 0.08376263082027435,
            "max": 0.31666049361228943,
            "count": 2
        },
        "SoccerTwos.Policy.ExtrinsicValueEstimate.mean": {
            "value": 0.01560863945633173,
            "min": 0.008377812802791595,
            "max": 0.01560863945633173,
            "count": 2
        },
        "SoccerTwos.Policy.ExtrinsicValueEstimate.sum": {
            "value": 0.35899871587753296,
            "min": 0.10053375363349915,
            "max": 0.35899871587753296,
            "count": 2
        },
        "SoccerTwos.Environment.EpisodeLength.mean": {
            "value": 725.1666666666666,
            "min": 725.1666666666666,
            "max": 866.25,
            "count": 2
        },
        "SoccerTwos.Environment.EpisodeLength.sum": {
            "value": 17404.0,
            "min": 13860.0,
            "max": 17404.0,
            "count": 2
        },
        "SoccerTwos.Environment.CumulativeReward.mean": {
            "value": 0.0,
            "min": 0.0,
            "max": 0.0,
            "count": 2
        },
        "SoccerTwos.Environment.CumulativeReward.sum": {
            "value": 0.0,
            "min": 0.0,
            "max": 0.0,
            "count": 2
        },
        "SoccerTwos.Policy.ExtrinsicReward.mean": {
            "value": 0.2857142857142857,
            "min": -0.16666666666666666,
            "max": 0.2857142857142857,
            "count": 2
        },
        "SoccerTwos.Policy.ExtrinsicReward.sum": {
            "value": 4.0,
            "min": -1.0,
            "max": 4.0,
            "count": 2
        },
        "SoccerTwos.Environment.GroupCumulativeReward.mean": {
            "value": 0.2857142857142857,
            "min": -0.16666666666666666,
            "max": 0.2857142857142857,
            "count": 2
        },
        "SoccerTwos.Environment.GroupCumulativeReward.sum": {
            "value": 4.0,
            "min": -1.0,
            "max": 4.0,
            "count": 2
        },
        "SoccerTwos.Self-play.ELO.mean": {
            "value": 1202.2521328125363,
            "min": 1201.247841332436,
            "max": 1202.2521328125363,
            "count": 2
        },
        "SoccerTwos.Self-play.ELO.sum": {
            "value": 4809.008531250145,
            "min": 2402.495682664872,
            "max": 4809.008531250145,
            "count": 2
        },
        "SoccerTwos.IsTraining.mean": {
            "value": 1.0,
            "min": 1.0,
            "max": 1.0,
            "count": 2
        },
        "SoccerTwos.IsTraining.sum": {
            "value": 1.0,
            "min": 1.0,
            "max": 1.0,
            "count": 2
        },
        "SoccerTwos.Losses.PolicyLoss.mean": {
            "value": 0.02552458637704452,
            "min": 0.02552458637704452,
            "max": 0.02552458637704452,
            "count": 1
        },
        "SoccerTwos.Losses.PolicyLoss.sum": {
            "value": 0.02552458637704452,
            "min": 0.02552458637704452,
            "max": 0.02552458637704452,
            "count": 1
        },
        "SoccerTwos.Losses.ValueLoss.mean": {
            "value": 0.00048416476638521997,
            "min": 0.00048416476638521997,
            "max": 0.00048416476638521997,
            "count": 1
        },
        "SoccerTwos.Losses.ValueLoss.sum": {
            "value": 0.00048416476638521997,
            "min": 0.00048416476638521997,
            "max": 0.00048416476638521997,
            "count": 1
        },
        "SoccerTwos.Losses.BaselineLoss.mean": {
            "value": 0.0004855700899497606,
            "min": 0.0004855700899497606,
            "max": 0.0004855700899497606,
            "count": 1
        },
        "SoccerTwos.Losses.BaselineLoss.sum": {
            "value": 0.0004855700899497606,
            "min": 0.0004855700899497606,
            "max": 0.0004855700899497606,
            "count": 1
        },
        "SoccerTwos.Policy.LearningRate.mean": {
            "value": 0.0003,
            "min": 0.0003,
            "max": 0.0003,
            "count": 1
        },
        "SoccerTwos.Policy.LearningRate.sum": {
            "value": 0.0003,
            "min": 0.0003,
            "max": 0.0003,
            "count": 1
        },
        "SoccerTwos.Policy.Epsilon.mean": {
            "value": 0.20000000000000007,
            "min": 0.20000000000000007,
            "max": 0.20000000000000007,
            "count": 1
        },
        "SoccerTwos.Policy.Epsilon.sum": {
            "value": 0.20000000000000007,
            "min": 0.20000000000000007,
            "max": 0.20000000000000007,
            "count": 1
        },
        "SoccerTwos.Policy.Beta.mean": {
            "value": 0.005000000000000001,
            "min": 0.005000000000000001,
            "max": 0.005000000000000001,
            "count": 1
        },
        "SoccerTwos.Policy.Beta.sum": {
            "value": 0.005000000000000001,
            "min": 0.005000000000000001,
            "max": 0.005000000000000001,
            "count": 1
        }
    },
    "metadata": {
        "timer_format_version": "0.1.0",
        "start_time_seconds": "1733177669",
        "python_version": "3.8.19 (default, Mar 20 2024, 19:55:45) [MSC v.1916 64 bit (AMD64)]",
        "command_line_arguments": "C:\\anaconda3\\envs\\mlagents\\Scripts\\mlagents-learn config/poca/SoccerTwos.yaml --run-id=BlockedBallTest4 --resume",
        "mlagents_version": "0.28.0",
        "mlagents_envs_version": "0.28.0",
        "communication_protocol_version": "1.5.0",
        "pytorch_version": "1.10.0+cpu",
        "numpy_version": "1.19.5",
        "end_time_seconds": "1733178071"
    },
    "total": 401.44824189999997,
    "count": 1,
    "self": 0.023165099999914673,
    "children": {
        "run_training.setup": {
            "total": 0.13916489999999992,
            "count": 1,
            "self": 0.13916489999999992
        },
        "TrainerController.start_learning": {
            "total": 401.28591190000003,
            "count": 1,
            "self": 0.5920993999985171,
            "children": {
                "TrainerController._reset_env": {
                    "total": 8.2907878,
                    "count": 1,
                    "self": 8.2907878
                },
                "TrainerController.advance": {
                    "total": 391.40899130000156,
                    "count": 11679,
                    "self": 0.5845372000043767,
                    "children": {
                        "env_step": {
                            "total": 319.3812741999982,
                            "count": 11679,
                            "self": 223.72043619999636,
                            "children": {
                                "SubprocessEnvManager._take_step": {
                                    "total": 95.29809300000062,
                                    "count": 11679,