{
    "name": "root",
    "gauges": {
        "SoccerTwos.Policy.Entropy.mean": {
            "value": 3.2898099422454834,
            "min": 3.2898099422454834,
            "max": 3.295578956604004,
            "count": 3
        },
        "SoccerTwos.Policy.Entropy.sum": {
            "value": 407831.15625,
            "min": 105985.8125,
            "max": 407831.15625,
            "count": 3
        },
        "SoccerTwos.Step.mean": {
            "value": 29998.0,
            "min": 9888.0,
            "max": 29998.0,
            "count": 3
        },
        "SoccerTwos.Step.sum": {
            "value": 29998.0,
            "min": 9888.0,
            "max": 29998.0,
            "count": 3
        },
        "SoccerTwos.Policy.ExtrinsicValueEstimate.mean": {
            "value": 0.0871092826128006,
            "min": 0.040077075362205505,
            "max": 0.0871092826128006,
            "count": 3
        },
        "SoccerTwos.Policy.ExtrinsicValueEstimate.sum": {
            "value": 6.533196449279785,
            "min": 1.277177333831787,
            "max": 6.533196449279785,
            "count": 3
        },
        "SoccerTwos.Environment.EpisodeLength.mean": {
            "value": 131.73684210526315,
            "min": 131.73684210526315,
            "max": 204.0,
            "count": 3
        },
        "SoccerTwos.Environment.EpisodeLength.sum": {
            "value": 20024.0,
            "min": 6528.0,
            "max": 20024.0,
            "count": 3
        },
        "SoccerTwos.Self-play.ELO.mean": {
            "value": 1205.305257293445,
            "min": 1200.873920666218,
            "max": 1205.305257293445,
            "count": 3
        },
        "SoccerTwos.Self-play.ELO.sum": {
            "value": 28927.326175042683,
            "min": 4803.495682664872,
            "max": 28927.326175042683,
            "count": 3
        },
        "SoccerTwos.Environment.CumulativeReward.mean": {
            "value": -0.0011360001067320506,
            "min": -0.0011360001067320506,
            "max": 0.010082540176217519,
            "count": 3
        },
        "SoccerTwos.Environment.CumulativeReward.sum": {
            "value": -0.0852000080049038,
            "min": -0.0852000080049038,
            "max": 0.6352000311017036,
            "count": 3
        },
        "SoccerTwos.Policy.ExtrinsicReward.mean": {
            "value": 0.17219733412067095,
            "min": 0.17219733412067095,
            "max": 0.6050000071525574,
            "count": 3
        },
        "SoccerTwos.Policy.ExtrinsicReward.sum": {
            "value": 12.914800059050322,
            "min": 6.050000071525574,
            "max": 33.63520085811615,
            "count": 3
        },
        "SoccerTwos.IsTraining.mean": {
            "value": 1.0,
            "min": 1.0,
            "max": 1.0,
            "count": 3
        },
        "SoccerTwos.IsTraining.sum": {
            "value": 1.0,
            "min": 1.0,
            "max": 1.0,
            "count": 3
        },
        "SoccerTwos.Losses.PolicyLoss.mean": {
            "value": 0.013470282773487269,
            "min": 0.013470282773487269,
            "max": 0.013470282773487269,
            "count": 1
        },
        "SoccerTwos.Losses.PolicyLoss.sum": {
            "value": 0.013470282773487269,
            "min": 0.013470282773487269,
            "max": 0.013470282773487269,
            "count": 1
        },
        "SoccerTwos.Losses.ValueLoss.mean": {
            "value": 0.037422688975930214,
            "min": 0.037422688975930214,
            "max": 0.037422688975930214,
            "count": 1
        },
        "SoccerTwos.Losses.ValueLoss.sum": {
            "value": 0.037422688975930214,
            "min": 0.037422688975930214,
            "max": 0.037422688975930214,
            "count": 1
        },
        "SoccerTwos.Policy.LearningRate.mean": {
            "value": 0.00025,
            "min": 0.00025,
            "max": 0.00025,
            "count": 1
        },
        "SoccerTwos.Policy.LearningRate.sum": {
            "value": 0.00025,
            "min": 0.00025,
            "max": 0.00025,
            "count": 1
        },
        "SoccerTwos.Policy.Epsilon.mean": {
            "value": 0.20000000000000004,
            "min": 0.20000000000000004,
            "max": 0.20000000000000004,
            "count": 1
        },
        "SoccerTwos.Policy.Epsilon.sum": {
            "value": 0.20000000000000004,
            "min": 0.20000000000000004,
            "max": 0.20000000000000004,
            "count": 1
        },
        "SoccerTwos.Policy.Beta.mean": {
            "value": 0.01,
            "min": 0.01,
            "max": 0.01,
            "count": 1
        },
        "SoccerTwos.Policy.Beta.sum": {
            "value": 0.01,
            "min": 0.01,
            "max": 0.01,
            "count": 1
        }
    },
    "metadata": {
        "timer_format_version": "0.1.0",
        "start_time_seconds": "1736865098",
        "python_version": "3.8.19 (default, Mar 20 2024, 19:55:45) [MSC v.1916 64 bit (AMD64)]",
        "command_line_arguments": "C:\\Users\\Floris\\anaconda3\\envs\\mlagents\\Scripts\\mlagents-learn config/ppo/SoccerTwos.yaml --run-id=testRun --train",
        "mlagents_version": "0.28.0",
        "mlagents_envs_version": "0.28.0",
        "communication_protocol_version": "1.5.0",
        "pytorch_version": "1.10.0+cpu",
        "numpy_version": "1.19.5",
        "end_time_seconds": "1736865992"
    },
    "total": 893.7765411,
    "count": 1,
    "self": 0.021008199999982935,
    "children": {
        "run_training.setup": {
            "total": 0.3663017000000002,
            "count": 1,
            "self": 0.3663017000000002
        },
        "TrainerController.start_learning": {
            "total": 893.3892312,
            "count": 1,
            "self": 0.729763400003435,
            "children": {
                "TrainerController._reset_env": {
                    "total": 17.28409730000016,
                    "count": 64,
                    "self": 17.28409730000016
                },
                "TrainerController.advance": {
                    "total": 874.7218319999964,
                    "count": 8503,
                    "self": 0.3367872999967858,
                    "children": {
                        "env_step": {
                            "total": 874.3850446999996,
                            "count": 8503,
                            "self": 723.7996819999892,
                            "children": {
                                "SubprocessEnvManager._take_step": {
                                    "total": 150.25445830000484,
                                    "count": 8503,
                                    "self": 3.1968733000103953,
                                    "children": {
                                        "TorchPolicy.evaluate": {
                                            "total": 147.05758499999445,
                                            "count": 16902,
                                            "self": 16.815580599999407,
                                            "children": {
                                                "TorchPolicy.sample_actions": {
                                                    "total": 130.24200439999504,
                                                    "count": 16902,
                                                    "self": 130.24200439999504
                                                }
                                            }
                                        }
                                    }
                                },
                                "workers": {
                                    "total": 0.33090440000565735,
                                    "count": 8502,
                                    "self": 0.0,