{
    "name": "root",
    "gauges": {
        "SoccerTwos.Policy.Entropy.mean": {
            "value": 3.2955572605133057,
            "min": 3.2955572605133057,
            "max": 3.2955572605133057,
            "count": 1
        },
        "SoccerTwos.Policy.Entropy.sum": {
            "value": 69707.625,
            "min": 69707.625,
            "max": 69707.625,
            "count": 1
        },
        "SoccerTwos.Step.mean": {
            "value": 9576.0,
            "min": 9576.0,
            "max": 9576.0,
            "count": 1
        },
        "SoccerTwos.Step.sum": {
            "value": 9576.0,
            "min": 9576.0,
            "max": 9576.0,
            "count": 1
        },
        "SoccerTwos.Policy.ExtrinsicBaselineEstimate.mean": {
            "value": -0.020271440967917442,
            "min": -0.020271440967917442,
            "max": -0.020271440967917442,
            "count": 1
        },
        "SoccerTwos.Policy.ExtrinsicBaselineEstimate.sum": {
            "value": -0.40542882680892944,
            "min": -0.40542882680892944,
            "max": -0.40542882680892944,
            "count": 1
        },
        "SoccerTwos.Policy.ExtrinsicValueEstimate.mean": {
            "value": -0.020271407440304756,
            "min": -0.020271407440304756,
            "max": -0.020271407440304756,
            "count": 1
        },
        "SoccerTwos.Policy.ExtrinsicValueEstimate.sum": {
            "value": -0.4054281413555145,
            "min": -0.4054281413555145,
            "max": -0.4054281413555145,
            "count": 1
        },
        "SoccerTwos.Environment.EpisodeLength.mean": {
            "value": 956.6,
            "min": 956.6,
            "max": 956.6,
            "count": 1
        },
        "SoccerTwos.Environment.EpisodeLength.sum": {
            "value": 19132.0,
            "min": 19132.0,
            "max": 19132.0,
            "count": 1
        },
        "SoccerTwos.Environment.CumulativeReward.mean": {
            "value": -0.03999999314546585,
            "min": -0.03999999314546585,
            "max": -0.03999999314546585,
            "count": 1
        },
        "SoccerTwos.Environment.CumulativeReward.sum": {
            "value": -0.3999999314546585,
            "min": -0.3999999314546585,
            "max": -0.3999999314546585,
            "count": 1
        },
        "SoccerTwos.Policy.ExtrinsicReward.mean": {
            "value": 0.11999998092651368,
            "min": 0.11999998092651368,
            "max": 0.11999998092651368,
            "count": 1
        },
        "SoccerTwos.Policy.ExtrinsicReward.sum": {
            "value": 1.1999998092651367,
            "min": 1.1999998092651367,
            "max": 1.1999998092651367,
            "count": 1
        },
        "SoccerTwos.Environment.GroupCumulativeReward.mean": {
            "value": 0.2,
            "min": 0.2,
            "max": 0.2,
            "count": 1
        },
        "SoccerTwos.Environment.GroupCumulativeReward.sum": {
            "value": 2.0,
            "min": 2.0,
            "max": 2.0,
            "count": 1
        },
        "SoccerTwos.Self-play.ELO.mean": {
            "value": 1199.126079333782,
            "min": 1199.126079333782,
            "max": 1199.126079333782,
            "count": 1
        },
        "SoccerTwos.Self-play.ELO.sum": {
            "value": 4796.504317335128,
            "min": 4796.504317335128,
            "max": 4796.504317335128,
            "count": 1
        },
        "SoccerTwos.IsTraining.mean": {
            "value": 1.0,
            "min": 1.0,
            "max": 1.0,
            "count": 1
        },
        "SoccerTwos.IsTraining.sum": {
            "value": 1.0,
            "min": 1.0,
            "max": 1.0,
            "count": 1
        }
    },
    "metadata": {
        "timer_format_version": "0.1.0",
        "start_time_seconds": "1736687611",
        "python_version": "3.8.19 (default, Mar 20 2024, 19:55:45) [MSC v.1916 64 bit (AMD64)]",
        "command_line_arguments": "C:\\anaconda3\\envs\\mlagents\\Scripts\\mlagents-learn config/poca/SoccerTwos.yaml --run-id=stepTest3 --train",
        "mlagents_version": "0.28.0",
        "mlagents_envs_version": "0.28.0",
        "communication_protocol_version": "1.5.0",
        "pytorch_version": "1.10.0+cpu",
        "numpy_version": "1.19.5",
        "end_time_seconds": "1736687920"
    },
    "total": 308.465524,
    "count": 1,
    "self": 0.036866200000019944,
    "children": {
        "run_training.setup": {
            "total": 0.2327249,
            "count": 1,
            "self": 0.2327249
        },
        "TrainerController.start_learning": {
            "total": 308.1959329,
            "count": 1,
            "self": 0.4156368000005273,
            "children": {
                "TrainerController._reset_env": {
                    "total": 14.658941500000001,
                    "count": 1,
                    "self": 14.658941500000001
                },
                "TrainerController.advance": {
                    "total": 292.08011389999945,
                    "count": 5291,
                    "self": 0.36824360000076695,
                    "children": {
                        "env_step": {
                            "total": 269.6756188000004,
                            "count": 5291,
                            "self": 208.03693219999843,
                            "children": {
                                "SubprocessEnvManager._take_step": {
                                    "total": 61.42356560000101,
                                    "count": 5291,
                                    "self": 1.976127599999785,
                                    "children": {
                                        "TorchPolicy.evaluate": {
                                            "total": 59.44743800000123,
                                            "count": 10576,
                                            "self": 8.52870850000329,
                                            "children": {
                                                "TorchPolicy.sample_actions": {
                                                    "total": 50.91872949999794,
                                                    "count": 10576,
                                                    "self": 50.91872949999794
                                                }
                                            }
                                        }
                                    }
                                },
                                "workers": {
                                    "total": 0.21512100000094847,
                                    "count": 5291,
                                    "self": 0.0,
                                    "children": {
                                        "worker_root": {
                                            "total": 280.16990359999994,
                                            "count": 5291,
                                            "is_parallel": true,
                                            "self": 93.09536500000084,
                                            "children": {
                                                "steps_from_proto": {
                                                    "total": 0.008871099999998577,
                                                    "count": 2,
                                                    "is_parallel": true,
                                                    "self": 0.0034287000000006174,
                                                    "children": {
                                                        "_process_rank_one_or_two_observation": {
                                                            "total": 0.00544239999999796,
                                                            "count": 8,
                                                            "is_parallel": true,